Ticker,Cum_Buy_%,Total_Score,Momentum_Score,Price,Buy_5m_%,Buy_1h_%,Buy_6h_%,Buy_1d_%,Buy_3d_%,Short_Term,Medium_Term,Long_Term
SCHV,73.75,77.54,80.0,31.72,95.89,71.88,56.67,54.82,73.59,75.2,94.64,64.04
EGGS,72.96,47.44,78.0,35.73,70.55,78.61,71.43,71.43,71.43,51.17,64.12,30.52
APLX,67.34,49.46,71.89,14.36,100.0,48.92,56.54,51.86,57.93,91.1,50.0,22.95
ILF,65.04,72.57,71.42,38.08,85.59,61.2,53.97,53.53,52.13,75.0,100.0,47.05
USCA,75.08,63.07,71.32,40.92,49.52,86.03,86.03,86.03,86.03,59.85,82.43,48.15
QQQY,70.14,57.72,71.15,21.74,100.0,72.83,48.69,48.79,48.84,62.74,85.43,30.34
FRNW,68.16,51.25,70.81,23.77,100.0,54.91,54.3,54.29,54.29,56.28,100.0,5.45
IETC,69.22,45.22,70.81,94.64,100.0,73.67,46.22,46.22,46.22,68.58,67.2,11.4
CLSE,82.72,61.57,70.78,30.28,100.0,89.4,67.78,67.31,66.95,55.06,96.81,34.81
EDGU,67.47,56.88,70.48,28.95,68.56,63.44,68.98,68.98,68.98,52.35,89.01,31.6
GVAL,71.76,55.4,70.43,35.66,100.0,53.64,63.31,62.58,62.69,50.9,100.0,19.2
EWX,73.44,56.99,70.38,70.59,66.77,61.44,84.55,84.55,84.55,58.34,89.73,27.5
WWJD,76.55,53.84,70.36,39.43,100.0,71.5,63.73,63.73,63.73,50.42,94.37,20.52
IWL,68.62,58.97,70.29,169.6,100.0,53.6,55.49,56.54,56.96,58.14,86.73,35.2
XOEX,99.96,58.74,70.2,36.58,99.99,99.94,99.94,99.94,99.94,52.91,90.04,34.99
QYLG,69.26,52.45,70.19,27.23,100.0,56.82,55.68,55.68,55.68,57.26,89.01,17.46
EMBD,76.62,49.15,70.15,23.79,82.2,72.6,75.14,75.14,75.14,46.36,78.84,24.92
TUGN,66.6,54.58,70.12,24.59,100.0,52.28,52.28,52.28,52.28,61.44,83.76,24.76
GRPM,76.78,51.24,70.12,123.28,80.97,88.96,67.22,67.22,67.22,50.48,85.38,21.84
SNTH,77.02,59.62,70.11,27.28,100.0,69.83,65.69,65.69,65.69,52.32,86.45,40.71
PBQQ,97.74,57.84,70.08,29.52,100.0,96.77,96.77,96.77,96.77,49.04,87.89,37.04
PQOC,96.22,58.96,70.07,28.98,99.75,94.71,94.71,94.71,94.71,54.13,86.75,37.66
PQJA,98.54,58.32,70.07,29.47,100.0,97.91,97.91,97.91,97.91,53.91,88.17,34.95
HIDV,90.03,57.01,70.07,81.83,74.9,96.52,96.52,96.52,96.52,53.85,89.45,30.59
ROPE,69.55,58.76,70.06,28.63,59.18,73.99,73.99,73.99,73.99,44.44,95.71,35.39
TUG,66.31,56.16,70.06,39.83,57.24,70.2,70.2,70.2,70.2,62.84,85.71,26.13
SVAL,75.61,55.2,70.06,38.03,100.0,68.53,63.28,63.28,63.28,52.01,97.03,20.6
GOP,69.2,57.51,70.05,40.13,40.13,82.87,80.99,80.99,80.99,55.09,92.95,28.02
QMNV,89.68,59.01,70.04,23.65,95.2,87.31,87.31,87.31,87.31,52.57,88.56,37.17
OCTT,67.39,58.02,70.04,43.98,45.93,76.58,76.58,76.58,76.58,51.32,87.53,36.38
BNOV,72.7,56.8,70.04,44.79,77.18,70.89,70.71,70.71,70.71,51.11,87.01,33.93
PBMR,68.52,54.86,70.04,30.93,14.27,91.77,91.77,91.77,91.77,43.32,79.56,40.45
TDSC,69.72,53.1,70.04,26.47,100.0,56.75,56.75,56.75,56.75,40.88,91.63,27.02
PQJL,100.0,60.64,70.03,29.61,100.0,100.0,100.0,100.0,100.0,54.99,87.75,40.45
EBI,92.97,60.09,70.03,60.34,100.0,89.96,89.96,89.96,89.96,50.8,94.55,35.74
VYLD,99.83,58.97,70.03,27.82,99.83,99.83,99.83,99.83,99.83,59.7,86.9,34.07
DECP,74.41,58.77,70.03,30.8,100.0,54.8,68.25,68.25,68.25,50.12,88.71,37.98
RHRX,82.92,53.94,70.03,20.08,65.8,90.26,90.26,90.26,90.26,48.9,93.39,22.57
MARU,92.02,58.07,70.02,27.77,100.0,88.6,88.6,88.6,88.6,49.61,84.24,40.45
JULT,98.34,58.04,70.02,45.65,100.0,97.63,97.63,97.63,97.63,51.1,87.86,36.29
QEMM,71.83,56.57,70.02,73.64,100.0,59.51,59.89,59.89,59.89,59.22,96.51,19.97
TIME,75.31,45.66,70.02,24.46,100.0,64.73,64.73,64.73,64.73,59.46,81.77,5.45
NDAA,82.19,59.43,70.01,22.65,100.0,74.56,74.56,74.56,74.56,51.72,91.3,36.37
JDIV,81.7,58.69,70.01,55.22,83.55,80.9,80.9,80.9,80.9,51.53,89.09,36.56
GSPY,69.81,56.66,70.01,37.31,55.54,75.92,75.92,75.92,75.92,56.66,88.64,28.69
BJUN,80.4,56.56,70.01,47.82,100.0,72.0,72.0,72.0,72.0,50.23,88.15,32.87
SCLZ,74.92,56.54,70.01,53.95,93.08,67.14,67.14,67.14,67.14,55.81,78.88,37.45
RYLG,89.17,55.8,70.01,22.79,100.0,84.53,84.53,84.53,84.53,52.58,92.11,26.03
OCIO,71.53,55.68,70.01,35.26,80.39,67.73,67.73,67.73,67.73,47.93,87.71,32.51
SAWS,91.78,55.02,70.01,22.97,100.0,88.26,88.26,88.26,88.26,58.24,85.41,26.41
FMCX,71.62,54.25,70.01,34.28,60.01,76.6,76.6,76.6,76.6,61.74,74.91,31.5
QTJL,100.0,50.88,70.01,40.56,100.0,100.0,100.0,100.0,100.0,58.29,88.7,13.16
WOMN,76.51,45.62,70.01,40.73,100.0,66.44,66.44,66.44,66.44,54.22,66.45,22.03
FSGS,86.42,45.22,70.01,30.45,100.0,80.6,80.6,80.6,80.6,58.32,60.07,24.03
GENW,94.78,61.58,70.0,14.72,95.47,94.48,94.48,94.48,94.48,49.71,100.0,35.37
PRAE,87.53,58.32,70.0,38.9,88.09,87.29,87.29,87.29,87.29,48.85,95.73,31.51
MVPL,77.2,53.72,70.0,36.21,77.03,77.27,77.27,77.27,77.27,58.94,86.05,22.16
FCFY,100.0,50.74,70.0,25.94,100.0,100.0,100.0,100.0,100.0,54.57,74.92,27.2
SAWG,100.0,50.27,70.0,21.64,100.0,100.0,100.0,100.0,100.0,56.25,68.8,30.33
JRE,100.0,46.83,70.0,25.75,100.0,100.0,100.0,100.0,100.0,42.17,86.34,15.16
COWZ,79.31,74.09,69.87,62.06,89.25,93.04,66.53,67.5,58.95,64.22,95.56,61.46
RHTX,100.0,54.89,69.81,19.32,100.0,100.0,100.0,100.0,100.0,53.15,92.19,23.33
DMXF,90.5,53.82,69.72,80.22,93.97,98.2,83.92,83.92,83.92,59.84,91.73,16.88
DLS,65.6,55.48,69.68,86.5,67.19,45.91,75.48,75.48,75.48,56.11,94.67,20.79
TMAT,71.47,45.71,69.65,24.79,100.0,68.22,54.25,54.25,54.25,64.9,77.31,6.06
SAMM,68.75,53.65,69.47,31.56,51.59,76.11,76.11,76.11,76.11,47.48,91.93,24.02
AFSC,100.0,58.13,69.43,33.16,100.0,100.0,100.0,100.0,100.0,61.22,91.69,26.83
FDEC,79.6,60.44,69.36,51.66,82.75,72.53,81.43,81.43,81.43,50.58,88.64,41.93
PSTP,85.15,56.33,69.28,35.48,100.0,78.88,78.74,78.74,78.74,49.55,82.4,37.76
TYLG,76.75,56.09,68.99,36.44,100.0,66.78,66.78,66.78,66.78,62.11,88.34,24.12
SUSA,68.5,62.27,68.97,138.75,94.47,77.49,46.16,46.23,46.23,57.91,87.12,43.26
CVRD,100.0,47.94,68.77,18.07,100.0,100.0,100.0,100.0,100.0,50.02,65.62,31.18
GJUL,66.09,59.07,68.68,41.98,89.15,36.56,67.12,67.12,67.12,46.98,87.58,41.67
IVVB,74.83,56.58,68.6,32.97,90.35,67.19,68.72,68.72,68.72,49.92,83.7,37.02
SRVR,80.03,46.01,68.45,33.9,100.0,72.41,72.32,72.52,65.95,52.59,85.63,7.23
EAOM,100.0,52.54,67.81,30.33,100.0,100.0,100.0,100.0,100.0,46.74,84.81,27.94
MSTB,68.08,51.8,67.71,40.0,73.98,65.55,65.55,65.55,65.55,55.14,82.65,22.73
XFEB,89.8,57.18,67.69,36.19,86.79,91.09,91.09,91.09,91.09,47.89,82.95,40.45
TFPN,69.56,59.81,67.58,29.8,56.9,74.98,74.98,74.98,74.98,46.61,100.0,32.9
UJB,99.63,48.92,67.32,78.45,99.63,99.63,99.63,99.63,99.63,51.1,83.9,16.96
AOK,81.76,53.83,66.93,40.63,100.0,84.83,69.01,68.26,64.73,46.37,81.1,34.63
BRAZ,75.97,53.88,66.76,35.13,100.0,65.67,65.67,65.67,65.67,50.0,100.0,15.94
PBDE,99.76,57.88,66.32,29.78,100.0,99.65,99.65,99.65,99.65,46.87,85.65,40.45
BMAY,85.73,55.89,66.31,45.91,79.93,88.21,88.21,88.21,88.21,48.89,88.41,31.8
ONLN,69.34,45.59,66.27,56.62,100.0,56.29,56.16,56.16,56.16,64.82,77.72,5.45
PBFB,99.29,56.83,66.05,30.81,100.0,98.99,98.99,98.99,98.99,45.64,83.55,40.45
PQAP,97.82,56.89,65.91,30.28,100.0,96.88,96.88,96.88,96.88,37.71,89.37,40.45
USCI,75.91,56.91,65.84,96.5,97.21,81.2,58.77,58.77,58.77,36.59,100.0,31.91
BCHI,93.31,65.28,65.78,34.87,91.13,94.24,94.24,94.24,94.24,64.48,100.0,35.41
SMAY,68.89,56.23,65.73,26.9,82.36,64.05,62.59,62.59,62.59,43.0,89.64,35.27
QQQG,85.52,53.19,65.61,24.58,100.0,79.31,79.31,79.31,79.31,64.39,77.88,24.58
IWP,91.88,58.21,65.58,133.09,97.12,97.27,88.6,88.06,74.7,77.88,62.63,42.06
QQQS,71.98,52.83,65.36,36.47,100.0,60.46,59.69,59.69,59.69,64.36,96.14,7.72
PBJL,65.01,57.42,65.33,30.43,100.0,50.02,50.02,50.02,50.02,44.52,86.03,40.45
FTDS,77.34,54.57,65.13,61.55,81.67,75.48,75.48,75.48,75.48,42.7,96.98,24.88
PBSE,69.21,56.68,64.89,29.85,20.43,90.12,90.12,90.12,90.12,45.44,83.25,40.45
PBAU,100.0,55.66,64.79,30.28,100.0,100.0,100.0,100.0,100.0,43.76,81.54,40.45
VOLT,65.74,61.19,64.77,37.67,63.3,66.18,70.43,70.26,55.76,61.01,100.0,27.35
YALL,69.24,53.25,64.68,43.29,87.8,53.7,65.49,65.49,65.49,55.03,79.56,29.12
HCOW,71.36,52.39,64.63,23.59,100.0,59.08,59.08,59.08,59.08,54.49,83.4,23.95
XUDV,80.12,57.41,64.56,28.77,100.0,71.6,71.6,71.6,71.6,42.4,95.49,33.47
PWB,66.77,58.41,64.54,138.44,48.38,79.05,72.48,72.59,71.11,63.62,91.86,25.88
KJUN,92.27,54.98,64.4,28.9,100.0,88.96,88.96,88.96,88.96,40.05,88.17,35.28
RECS,65.98,70.25,64.05,40.7,100.0,28.24,68.34,67.32,51.05,61.96,87.21,60.6
YMAG,70.56,58.48,63.9,12.39,95.2,68.44,54.2,53.74,59.63,79.0,84.21,23.13
SQLV,86.19,53.51,63.72,46.32,84.01,87.12,87.12,87.12,87.12,51.7,92.22,20.78
DFVE,74.91,56.82,63.47,33.88,100.0,64.15,64.15,64.15,64.15,50.29,92.76,29.46
REGL,69.59,58.04,63.39,89.95,86.37,57.66,65.05,65.03,65.03,43.01,85.43,43.48
UDI,97.7,57.07,63.38,34.42,99.61,96.88,96.88,96.88,96.88,36.13,96.58,35.59
ORCU,68.31,45.92,63.31,10.54,88.53,63.59,59.39,60.54,49.53,76.98,50.0,22.95
ITWO,71.22,56.36,63.28,41.82,92.95,58.26,63.93,63.93,63.93,57.24,93.18,23.59
SUPP,100.0,56.13,63.15,77.78,100.0,100.0,100.0,100.0,100.0,60.74,90.8,22.92
IPAV,65.22,62.18,63.09,32.89,60.89,67.08,67.08,67.08,67.08,55.95,97.57,35.1
IWDL,81.71,52.84,62.94,52.84,59.18,91.36,91.36,91.36,91.36,58.79,100.0,7.85
ILIT,72.11,49.68,62.6,19.25,45.57,93.79,77.77,77.77,77.77,50.0,100.0,5.45
UPAR,93.28,49.29,62.58,16.77,96.86,91.75,91.75,91.75,91.75,49.51,97.89,6.63
SAUG,71.1,57.01,62.57,26.63,79.82,67.36,67.36,67.36,67.36,45.95,89.99,35.06
EFNL,70.1,51.04,62.52,53.85,88.24,62.33,62.33,62.33,62.33,53.06,99.95,6.98
XTN,71.22,51.92,62.16,103.98,98.16,78.31,49.33,49.33,49.33,50.0,98.44,12.42
BIBL,67.87,55.19,62.02,50.84,100.0,60.14,50.74,50.74,50.74,56.92,96.36,18.09
HEWJ,74.12,61.92,61.93,59.14,86.68,73.98,65.83,65.83,65.83,56.45,100.0,32.03
AKRE,65.14,55.26,61.9,53.34,92.26,60.64,51.56,51.07,43.1,58.33,50.0,57.95
NBJP,76.86,64.84,61.89,34.22,80.15,75.45,75.45,75.45,75.45,62.51,100.0,35.52
DIVL,93.76,57.42,61.71,24.72,98.82,91.59,91.59,91.59,91.59,40.0,94.66,35.72
VFMO,73.11,60.26,61.41,214.33,86.63,74.8,63.44,63.22,62.37,59.93,94.09,30.86
MEM,73.88,63.09,61.07,39.65,100.0,75.4,55.62,55.62,55.62,66.19,98.88,29.84
CMCI,93.61,58.7,60.99,28.21,93.61,93.61,93.61,93.61,93.61,33.74,99.44,38.66
ALTL,86.33,49.16,60.99,44.49,99.13,80.84,80.84,80.84,80.84,42.09,93.39,14.89
QRFT,78.49,52.65,60.84,63.25,66.43,83.66,83.66,83.66,83.66,57.81,87.16,19.22
MFSG,73.33,52.95,60.46,27.62,92.24,56.36,70.51,69.86,69.57,64.1,75.82,25.96
IRET,75.52,49.55,60.23,20.37,74.6,75.91,75.91,75.91,75.91,44.62,82.66,23.67
ATFV,73.75,47.66,60.16,34.63,81.99,61.55,75.04,75.04,75.04,65.52,83.01,5.56
ESGG,85.92,53.32,60.03,211.37,100.0,79.88,79.88,79.88,79.88,54.39,90.69,19.96
VTV,70.01,78.21,60.0,202.61,58.67,86.27,68.31,67.29,70.35,72.23,95.01,67.24
JEPQ,68.15,77.89,60.0,57.98,83.83,72.36,56.05,57.08,51.95,83.53,90.06,63.71
CGDV,70.35,77.33,60.0,45.14,80.55,77.14,61.0,61.98,54.56,83.09,91.1,61.67
FNDX,71.26,77.1,60.0,28.89,84.52,68.12,66.67,65.45,56.58,71.96,94.74,64.89
DFAC,77.65,75.7,60.0,40.9,89.65,81.99,70.54,68.05,58.16,80.11,90.33,60.15
DIA,70.54,75.15,60.0,482.13,73.69,82.2,63.81,64.74,54.53,79.5,86.04,62.9
EWC,70.1,74.76,60.0,57.26,84.29,72.14,61.73,58.74,54.75,73.0,97.56,55.9
IVV,66.12,74.47,60.0,689.54,65.16,71.16,65.72,65.34,58.23,81.57,87.63,58.51
IJR,70.76,74.38,60.0,131.81,100.0,65.69,54.38,54.47,52.92,78.77,94.03,54.43
QUAL,66.03,73.78,60.0,201.25,84.06,67.94,52.28,53.49,54.07,84.11,88.79,54.19
SPEM,74.76,73.59,60.0,49.69,100.0,67.5,62.47,61.53,61.17,85.11,92.48,49.86
VWO,66.54,73.25,60.0,57.18,88.52,57.82,57.5,58.7,52.88,85.41,92.45,48.86
EWU,65.96,71.57,60.0,47.86,70.79,61.65,68.92,63.12,57.67,75.44,97.93,46.09
GRNY,73.62,71.4,60.0,25.24,85.66,72.33,68.18,67.64,60.29,84.78,85.46,50.74
VNQ,69.06,60.5,60.0,93.33,83.7,78.29,55.52,54.47,50.55,67.66,70.93,46.9
ASHR,67.94,58.41,60.0,34.15,100.0,45.24,61.62,58.12,54.17,78.93,93.16,15.18
DFAR,70.71,53.74,60.0,24.94,100.0,67.44,53.78,53.13,50.93,67.96,76.54,24.9
EMPB,78.1,57.18,59.99,29.85,100.0,68.72,68.72,68.72,68.72,49.71,81.63,40.45
PSCE,69.39,45.73,59.85,59.78,100.0,58.93,54.79,54.79,54.79,34.01,100.0,5.58
IDGT,66.15,52.38,59.79,110.29,81.54,51.35,64.11,64.11,64.11,52.34,99.94,10.8
SPHQ,72.83,75.95,59.7,79.23,100.0,72.1,55.39,53.9,55.71,82.32,92.02,57.91
VEU,73.19,75.94,59.66,79.72,78.18,68.52,74.32,72.93,67.32,83.92,96.54,52.92
ACWX,71.99,75.41,59.59,72.78,84.33,61.5,70.72,70.92,65.4,83.55,96.31,52.04
BKGI,68.38,60.94,59.46,45.24,78.15,77.71,57.59,57.77,53.31,40.02,99.82,39.99
ITDD,71.15,59.33,59.36,36.45,100.0,68.21,53.55,53.55,53.55,50.95,90.16,37.59
CSPF,80.55,54.67,59.31,26.07,75.67,94.25,76.2,76.2,76.2,45.62,76.97,40.82
FESM,66.13,68.84,59.22,40.56,59.59,70.93,69.4,69.3,62.38,64.62,94.23,49.27
DAPP,73.66,47.48,59.18,17.53,72.93,54.01,88.06,88.13,74.55,85.58,66.87,6.7
MORT,71.92,50.84,59.07,10.35,100.0,66.19,57.42,54.79,55.34,78.05,80.87,7.55
XDSQ,69.98,54.16,59.05,41.34,84.51,67.85,61.48,61.48,61.48,57.88,88.58,21.72
OCTP,93.43,58.41,58.9,30.68,100.0,90.62,90.62,90.62,90.62,50.06,87.5,38.18
EZU,72.48,70.45,58.88,67.08,92.24,72.19,61.53,58.57,55.23,81.37,91.75,44.99
USMV,71.5,58.98,58.83,93.51,84.67,73.3,63.4,63.38,55.82,78.17,37.01,66.2
DBEM,67.73,57.4,58.83,36.35,100.0,55.36,53.09,53.09,53.09,63.29,100.0,16.44
CTA,70.31,50.48,58.82,29.77,75.88,55.15,78.26,77.78,64.17,56.46,57.07,40.97
SPDW,75.4,75.94,58.76,48.53,95.62,76.07,64.7,64.87,50.34,84.09,97.61,51.88
ADPV,65.53,48.53,58.75,42.24,79.18,57.65,60.81,60.81,60.81,50.29,71.6,27.24
EEMO,70.54,51.76,58.74,19.17,86.59,63.66,63.66,63.66,63.66,64.05,88.27,12.13
JULU,80.7,58.14,58.56,29.61,100.0,72.34,72.48,72.48,72.48,51.16,86.3,37.87
AIVI,75.22,54.84,58.54,57.36,100.0,64.6,64.6,64.6,64.6,50.67,98.32,19.4
IDLV,73.77,54.83,58.42,35.71,67.32,61.1,85.1,85.1,85.1,44.64,93.26,27.58
DFUS,66.18,73.45,58.37,74.83,71.12,68.48,62.37,62.78,58.54,77.55,87.73,58.4
FEZ,67.66,69.3,58.36,66.42,82.72,67.09,60.67,49.98,59.02,83.65,90.91,41.42
FELC,68.63,76.16,58.14,38.33,79.88,82.05,55.59,52.95,49.6,77.28,87.63,65.43
JHEM,81.53,59.34,58.1,36.54,54.03,90.23,95.03,95.03,95.03,67.36,99.45,19.24
RSPA,70.04,60.29,58.09,51.42,100.0,62.25,54.53,54.7,53.72,52.63,90.95,38.24
RDVY,70.84,74.83,58.07,73.06,78.68,77.17,64.39,62.02,56.47,79.04,91.54,57.58
SDVY,68.34,74.64,57.99,41.67,65.92,69.12,71.08,69.87,65.26,76.03,94.19,56.66
AMLP,65.65,70.76,57.93,52.06,100.0,58.07,45.39,46.86,50.99,47.04,96.89,62.72
CSB,77.15,52.84,57.79,63.79,89.36,71.92,71.92,71.92,71.92,40.76,93.71,24.64
XTOC,71.57,54.31,57.55,34.13,56.82,77.89,77.89,77.89,77.89,56.75,87.18,24.02
VUG,70.85,68.4,57.53,467.36,69.88,82.69,65.06,60.81,68.71,87.05,81.16,45.57
MFSI,70.72,63.82,57.51,31.4,63.95,65.13,82.51,81.78,64.44,61.46,90.55,41.91
TDVI,66.95,56.38,57.47,28.06,100.0,64.16,46.82,44.91,47.14,59.13,87.08,27.8
BOUT,90.75,52.25,57.39,42.95,100.0,86.79,86.79,86.79,86.79,58.24,85.82,19.14
AOR,79.06,64.32,57.38,66.44,90.6,90.42,66.8,65.76,59.94,53.35,89.46,49.17
IYZ,71.26,57.56,57.33,41.22,87.19,71.37,62.99,61.66,53.43,73.05,100.0,10.74
IVOV,70.56,58.13,57.24,106.81,100.0,68.0,52.36,52.36,52.36,49.66,91.37,34.35
XTJL,85.92,54.28,57.21,39.87,92.16,83.25,83.25,83.25,83.25,53.13,88.55,25.0
KBWB,65.36,67.31,57.19,85.76,66.99,69.17,65.9,61.96,53.0,77.74,91.93,39.26
CGUS,68.56,74.21,57.1,40.98,79.84,67.48,63.71,61.23,56.91,76.79,87.15,61.28
CGMM,65.45,68.08,56.99,31.03,73.51,75.06,56.96,57.7,46.18,77.05,92.6,41.01
IVW,67.06,71.52,56.98,122.17,79.64,71.79,57.29,55.91,53.07,89.46,84.49,48.95
CWB,73.67,70.75,56.95,97.88,90.73,77.37,63.38,62.53,50.13,74.51,91.62,50.15
ISMD,82.17,54.94,56.92,42.79,91.89,83.01,75.23,75.23,75.23,53.05,93.61,22.28
DRAI,80.11,56.48,56.9,30.85,100.0,71.58,71.58,71.58,71.58,45.77,87.34,36.16
EWG,65.65,51.17,56.71,41.94,74.81,65.01,62.09,59.82,54.45,86.86,67.34,14.72
CBSE,66.79,51.6,56.66,44.0,65.42,67.37,67.37,67.37,67.37,63.83,90.66,9.77
SPTM,73.1,72.5,56.63,83.45,93.79,78.6,56.82,56.46,54.65,72.43,88.02,58.96
CALF,75.09,63.08,56.55,46.12,92.64,82.83,61.53,57.93,54.15,68.63,91.59,34.67
TXS,88.6,57.42,56.43,38.14,100.0,83.72,83.72,83.72,83.72,53.29,92.69,29.15
TJAN,100.0,51.89,56.42,27.52,100.0,100.0,100.0,100.0,100.0,42.73,71.51,40.45
MOAT,69.07,72.05,56.35,99.31,87.21,70.21,57.91,55.94,52.81,77.38,82.96,59.17
THRO,67.7,71.18,56.31,38.67,96.37,52.05,56.98,56.59,58.75,75.4,85.35,56.15
BUFZ,73.02,60.5,56.26,26.98,98.37,61.65,62.53,62.36,62.27,47.76,86.61,45.62
SAGP,73.65,55.84,56.15,35.35,94.31,64.79,64.79,64.79,64.79,53.67,92.18,25.41
MAPP,78.19,58.42,56.13,26.88,100.0,68.84,68.84,68.84,68.84,46.6,91.28,37.05
DJIA,70.39,48.46,56.08,21.36,94.35,68.99,54.92,57.37,53.67,48.81,66.05,32.85
FMDE,66.12,73.38,56.07,37.64,74.15,69.42,62.49,61.31,47.63,69.5,88.59,62.5
MRSK,67.94,55.56,56.06,36.22,100.0,53.67,54.5,54.5,54.5,57.82,75.97,36.29
AVUV,72.83,71.78,55.98,115.86,92.41,64.63,68.08,63.62,55.68,62.75,99.09,53.54
QQQA,79.95,52.24,55.95,58.03,94.77,73.6,73.6,73.6,73.6,61.33,97.14,7.28
XNTK,74.0,52.59,55.91,282.51,74.06,82.82,68.62,68.29,70.96,65.89,85.97,15.08
DFLV,76.56,76.18,55.87,37.01,96.98,82.2,60.2,59.8,58.82,61.12,96.82,67.52
DEW,65.41,55.72,55.84,67.81,70.77,63.12,63.12,63.12,63.12,35.8,98.91,30.38
FTQI,66.7,59.51,55.71,20.89,82.44,68.62,54.83,57.69,53.37,57.34,89.87,34.29
BAMO,84.66,56.0,55.55,32.74,100.0,78.09,78.09,78.09,78.09,48.73,82.59,37.28
XYLD,67.13,66.65,55.49,39.95,100.0,68.81,43.98,41.12,48.17,59.52,89.39,51.21
BGDV,76.05,61.83,55.44,29.0,100.0,65.79,65.79,65.79,65.79,54.93,92.61,39.22
DWAS,67.03,53.11,55.23,106.98,83.17,59.06,60.69,60.69,60.69,56.88,94.55,14.5
VFLO,72.5,75.15,55.2,40.57,100.0,66.09,59.99,60.03,49.73,65.27,92.25,66.37
QDTE,69.06,60.89,55.19,28.71,90.15,68.91,56.47,56.58,50.11,70.64,88.73,30.44
DFAX,69.0,73.64,55.08,36.17,90.79,63.36,56.32,57.07,61.35,69.69,98.58,54.28
CSD,71.21,56.42,55.07,125.65,100.0,49.97,63.81,63.81,63.81,58.5,100.0,16.99
QLTY,69.09,71.89,54.76,38.6,98.06,91.45,35.39,36.76,42.82,71.61,88.83,57.24
PWER,100.0,52.84,54.7,41.79,100.0,100.0,100.0,100.0,100.0,43.36,100.0,17.5
VLUE,68.2,74.86,54.68,153.46,94.75,70.15,48.97,48.98,50.99,70.67,100.0,55.48
DUKX,70.86,53.86,54.62,27.21,65.06,73.34,73.34,73.34,73.34,34.03,96.05,29.35
SFEB,73.4,57.13,54.61,24.7,100.0,68.23,58.53,58.53,58.53,47.99,91.53,32.74
EWT,74.99,73.65,54.56,78.26,100.0,69.19,63.45,63.82,54.52,87.77,100.0,41.76
HECO,100.0,52.03,54.53,45.78,100.0,100.0,100.0,100.0,100.0,70.4,92.14,5.45
FMCE,100.0,51.46,54.52,26.3,100.0,100.0,100.0,100.0,100.0,59.83,60.31,38.48
RAA,65.68,59.3,54.51,28.58,100.0,45.14,54.22,54.22,54.22,43.41,90.94,41.55
FELG,73.02,70.18,54.5,39.93,98.98,78.38,51.52,49.68,58.86,74.98,81.89,56.94
DFAU,65.02,71.31,54.43,47.5,54.43,78.95,64.12,65.05,64.2,66.08,88.46,59.57
SPLV,69.99,57.66,54.31,74.16,100.0,56.27,60.25,61.24,47.36,66.25,40.86,66.99
EMHC,66.0,48.24,54.31,25.34,100.0,44.03,55.53,55.53,55.53,44.62,82.6,20.44
QULL,100.0,47.49,54.31,56.37,100.0,100.0,100.0,100.0,100.0,66.37,82.06,5.45
FVD,73.76,68.1,54.28,47.98,89.97,76.66,62.65,61.16,58.29,52.8,79.17,67.98
BLDG,70.0,52.02,54.23,25.16,41.99,82.0,82.0,82.0,82.0,56.01,85.4,20.33
NULG,65.94,53.14,54.2,97.63,78.98,77.41,50.77,50.23,51.8,64.21,76.55,25.73
XBB,70.41,53.28,54.18,40.99,100.0,57.08,58.19,57.95,57.95,44.82,71.63,42.5
ISCB,69.15,53.75,54.15,68.69,94.05,59.92,57.67,57.67,57.67,56.53,92.34,18.24
IWMY,71.99,57.22,54.14,19.01,77.66,88.03,59.3,59.3,59.3,59.62,86.29,30.28
VO,77.37,68.35,54.12,299.91,71.35,92.71,77.18,74.22,60.66,62.27,88.0,54.96
IVES,74.85,47.6,54.11,30.4,100.0,77.84,56.48,58.3,54.37,74.98,50.0,28.4
FNDA,76.09,71.87,54.05,34.37,94.05,66.33,73.25,73.22,56.57,64.37,94.35,56.88
QARP,71.17,56.11,53.86,61.45,49.82,80.32,80.32,80.32,80.32,53.81,92.64,25.58
ARKK,67.98,63.14,53.82,71.96,78.45,71.86,58.84,62.01,55.74,91.19,69.03,40.45
IXP,70.1,49.27,53.76,118.67,100.0,45.92,63.6,63.6,63.6,61.42,86.85,8.8
IWS,90.01,72.54,53.69,153.1,93.87,98.46,85.75,85.48,72.44,59.31,93.65,62.35
TDV,66.7,55.14,53.62,91.11,100.0,55.38,50.8,50.8,50.8,59.86,87.58,23.8
ESGU,68.16,69.4,53.58,148.91,78.79,81.41,52.96,52.72,56.57,65.23,86.97,56.62
REM,66.65,48.17,53.56,22.43,100.0,61.97,45.37,45.47,52.7,64.45,81.71,8.64
CGGE,66.21,68.62,53.52,32.5,69.07,71.95,62.99,62.18,55.34,69.67,89.16,50.0
ETHE,71.54,49.79,53.52,18.39,90.71,68.98,63.15,55.61,57.31,97.93,52.33,17.49
QQQJ,66.13,51.62,53.5,39.44,90.74,66.44,49.65,49.76,49.07,61.19,91.16,11.03
FETH,72.96,48.31,53.48,22.56,96.67,69.59,61.98,58.61,52.02,97.84,52.87,13.37
SPUS,74.77,60.59,53.46,50.91,93.13,81.88,62.6,61.28,45.84,66.43,87.87,33.08
TDIV,68.79,61.15,53.44,99.22,83.84,71.89,56.76,58.6,56.12,60.31,86.57,39.43
DSEP,85.8,57.18,53.33,45.32,100.0,81.25,78.87,78.87,78.87,47.86,83.46,40.0
JXI,71.04,54.09,53.17,88.29,94.86,62.78,59.74,59.74,59.74,35.39,97.85,27.49
PRF,68.57,72.69,53.1,49.63,97.59,58.95,56.77,52.68,50.97,56.38,94.14,64.11
JGRO,67.52,67.45,53.02,89.46,73.93,75.6,61.25,60.85,50.42,67.24,75.37,60.64
RDVI,66.6,68.75,52.94,27.22,100.0,62.03,44.76,44.11,54.94,65.66,92.18,50.17
RAFE,74.07,54.48,52.9,42.96,90.25,67.14,67.14,67.14,67.14,51.21,91.65,23.99
KLIP,66.97,45.15,52.78,26.07,100.0,59.82,48.92,48.92,48.92,57.58,53.03,30.49
MVLL,68.95,46.88,52.71,44.68,60.02,75.79,71.82,71.8,68.63,55.81,87.86,5.45
IWY,71.98,65.41,52.68,264.01,93.61,67.82,62.9,61.44,50.7,69.63,81.17,48.99
GSIE,71.08,69.23,52.66,45.52,77.35,68.85,70.14,69.29,61.97,61.51,94.25,52.16
EPP,73.81,62.14,52.6,56.61,97.21,73.57,59.58,59.65,53.91,59.88,94.49,35.25
BLCR,67.82,73.27,52.59,44.63,90.93,66.91,54.63,53.23,48.34,74.96,92.44,55.45
EBND,69.42,53.17,52.59,21.28,98.04,63.68,52.25,55.05,55.19,56.04,71.46,35.38
DUSA,67.56,54.12,52.53,53.11,92.39,52.64,59.29,59.29,59.29,48.64,93.29,23.27
DAUG,80.34,56.84,52.52,44.94,100.0,74.37,70.55,70.55,70.55,48.37,86.77,35.94
OIH,65.02,57.66,52.49,413.08,76.53,70.31,56.01,56.51,48.29,56.27,100.0,21.48
SNPE,70.83,62.37,52.48,62.7,100.0,65.49,54.44,55.35,53.14,62.21,89.24,38.97
OAKM,76.4,61.22,52.48,28.19,98.08,70.93,65.45,65.3,63.47,52.99,89.93,41.23
IEZ,69.55,52.74,52.47,29.66,86.99,68.33,59.56,59.41,55.41,58.58,100.0,7.73
PXH,76.62,59.77,52.29,28.16,100.0,80.02,60.71,60.52,53.85,56.2,96.46,29.89
ROE,92.58,59.23,52.26,37.66,100.0,91.29,88.36,88.36,88.36,57.09,93.34,30.71
JHMD,87.96,57.47,52.26,44.8,100.0,95.96,76.2,75.58,73.64,55.03,95.82,25.45
MADE,73.69,60.26,52.24,36.63,100.0,59.46,64.05,64.05,64.05,62.06,100.0,24.36
EBIT,82.07,51.01,52.18,36.55,82.07,82.07,82.07,82.07,82.07,43.37,90.71,21.04
DIVB,69.2,58.58,52.08,55.24,100.0,72.33,51.08,51.95,31.53,47.51,92.5,35.83
KBWD,77.55,45.67,52.05,12.97,95.08,88.84,60.52,61.86,55.05,62.49,64.67,18.54
BKDV,81.09,63.3,52.03,30.86,100.0,92.19,64.13,63.08,56.97,55.33,94.38,41.08
OILK,67.34,50.99,51.95,55.31,92.03,80.15,43.53,42.9,45.16,44.09,100.0,12.43
GSLC,67.14,68.54,51.94,131.78,85.26,69.83,52.95,55.45,53.26,60.65,86.12,58.08
BAMA,77.17,59.23,51.94,34.51,86.73,73.07,73.07,73.07,73.07,53.34,87.92,37.81
LCF,94.48,52.97,51.94,40.88,100.0,92.11,92.11,92.11,92.11,57.07,75.37,30.8
SEIQ,69.86,50.88,51.91,37.48,100.0,66.11,51.85,51.85,51.85,58.8,59.92,38.03
SMMD,66.66,62.97,51.81,81.65,91.05,56.2,55.72,55.65,58.01,62.06,93.36,36.96
EQWL,76.26,61.29,51.79,119.14,97.69,79.67,61.68,61.78,54.39,53.96,89.82,40.91
RWR,65.4,51.64,51.79,105.94,74.38,65.52,60.74,59.38,55.87,44.94,86.24,25.55
AAPW,67.07,46.07,51.76,34.87,76.7,57.31,66.07,66.07,66.07,58.59,78.6,9.79
TSPA,69.19,60.79,51.62,43.36,88.94,58.29,60.72,62.44,65.16,60.33,87.7,37.53
DFIS,67.7,72.43,51.56,35.65,84.23,50.16,69.89,69.13,55.09,65.12,97.17,55.35
VBR,68.97,69.9,51.52,227.07,80.92,69.64,61.75,60.54,57.96,53.94,93.87,58.89
FELV,78.2,66.85,51.51,36.53,78.66,73.74,82.65,81.27,73.74,54.23,93.36,51.55
LGRO,68.26,52.72,51.48,38.71,95.61,56.54,56.54,56.54,56.54,63.44,76.69,25.05
IFRA,66.17,67.44,51.44,59.7,85.99,78.17,46.55,46.82,45.14,44.68,98.4,54.58
HELO,69.14,65.98,51.39,65.94,100.0,62.83,53.68,49.94,50.19,51.59,76.76,65.54
CGXU,72.36,74.56,51.37,31.46,92.85,74.52,58.37,57.68,55.19,74.96,94.69,56.7
IYT,73.4,58.63,51.37,77.83,96.07,65.39,65.41,64.82,53.93,71.89,88.88,23.87
ASMF,74.06,50.74,51.37,25.42,93.07,65.92,65.92,65.92,65.92,47.36,71.99,34.27
PBUS,68.49,68.35,51.36,68.68,89.55,69.51,53.34,52.7,56.46,59.33,87.2,57.49
EPS,71.65,58.42,51.36,71.8,100.0,65.39,56.31,56.11,56.11,56.32,88.4,33.51
BBAX,79.83,71.56,51.32,63.23,96.91,88.44,64.67,65.12,59.71,57.07,96.58,58.73
OMFL,75.47,67.07,51.3,63.31,100.0,83.67,54.62,54.16,54.77,57.09,87.88,55.11
QQQE,75.87,52.67,51.29,102.6,100.0,84.68,55.17,54.21,54.83,60.86,81.82,22.04
GARP,65.68,54.1,51.27,69.27,100.0,56.84,51.6,50.97,34.73,67.3,87.75,16.41
BMNU,65.21,50.16,51.26,2.05,88.42,56.85,53.44,53.52,57.59,91.62,50.0,24.39
LRGF,74.98,63.35,51.23,69.4,86.97,76.88,66.93,66.99,62.42,58.11,85.61,47.14
SMIG,74.89,51.57,51.23,30.41,100.0,66.67,64.57,62.55,58.26,48.1,70.3,37.35
IQQQ,70.15,57.56,51.19,43.71,100.0,72.81,48.77,48.77,48.77,60.77,86.74,30.02
IGPT,70.74,54.46,51.19,65.98,85.59,55.78,69.15,69.15,69.15,66.1,97.67,9.38
SMAP,99.8,49.23,51.16,25.83,99.8,99.8,99.8,99.8,99.8,54.92,74.01,23.98
FFLV,70.6,58.78,51.15,25.95,76.87,67.91,67.91,67.91,67.91,48.46,96.04,32.62
NORW,66.28,52.05,51.15,38.91,100.0,63.57,44.72,46.53,45.57,45.35,100.0,14.27
COPY,66.2,61.02,51.09,14.26,73.79,58.31,66.62,64.49,63.83,46.27,98.97,37.03
LCR,77.13,55.38,51.08,38.29,100.0,67.33,67.33,67.33,67.33,47.48,82.6,36.49
DLN,69.99,71.66,51.07,92.01,96.95,67.32,55.85,53.64,47.48,48.54,92.19,68.15
JGLO,69.72,71.93,51.06,68.5,100.0,53.46,58.56,58.56,58.56,57.12,86.64,68.31
ULTY,80.69,48.75,51.06,31.53,90.22,82.35,75.36,75.32,66.64,71.27,58.28,26.33
DFEV,71.38,67.25,51.04,38.17,87.95,59.11,67.64,67.65,65.45,64.22,100.0,40.49
PCEF,86.87,56.01,51.0,19.65,99.37,91.56,76.19,76.17,75.07,56.61,86.96,28.55
FOWF,71.64,63.02,50.99,33.88,100.0,59.48,59.48,59.48,59.48,58.09,95.4,37.78
IXJ,67.28,57.04,50.98,95.0,100.0,63.44,48.08,48.85,45.14,50.93,62.43,56.13
FEM,76.78,55.62,50.98,32.24,93.04,75.39,67.73,67.72,63.2,52.42,100.0,18.79
ICOW,70.29,57.31,50.95,43.95,79.64,77.28,63.12,61.48,51.53,41.35,100.0,29.93
QDPL,65.67,59.27,50.9,42.12,83.85,75.26,46.36,48.13,52.97,58.55,87.41,35.11
FLQL,77.98,61.34,50.89,71.88,100.0,81.62,61.64,63.15,58.51,58.9,89.46,38.25
MGC,71.24,68.06,50.87,249.85,74.74,85.81,62.16,61.69,56.52,59.29,86.86,57.09
AVLC,76.57,60.08,50.85,81.8,100.0,59.74,70.29,70.29,70.29,56.18,90.82,35.63
EWO,67.21,50.02,50.84,38.75,100.0,80.08,38.19,38.19,38.19,51.1,100.0,5.61
DDWM,82.37,63.18,50.81,46.12,91.1,90.89,69.6,78.07,71.08,51.24,94.62,43.13
AOA,65.7,62.61,50.81,92.28,100.0,52.15,50.43,51.22,49.38,53.85,90.33,43.82
SPEU,65.89,53.99,50.81,54.53,73.42,71.34,58.06,58.1,57.06,56.55,93.25,18.05
SPMO,66.09,74.38,50.8,124.59,78.63,69.25,58.45,55.47,50.28,81.43,85.1,60.6
BAMV,88.26,53.63,50.8,33.63,100.0,83.23,83.23,83.23,83.23,48.97,78.09,35.14
USPX,66.67,58.35,50.79,59.88,95.95,38.99,62.52,62.52,62.52,57.68,87.07,33.65
EMOT,72.73,57.74,50.77,24.22,72.73,72.73,72.73,72.73,72.73,58.12,85.77,32.97
DON,66.23,62.46,50.76,54.49,100.0,53.79,54.29,54.42,37.71,44.52,86.15,52.94
AFLG,76.07,56.07,50.76,40.62,100.0,70.26,63.74,62.94,62.79,54.71,89.41,27.75
MFSV,70.29,59.78,50.75,27.59,100.0,77.38,45.31,47.15,49.04,48.3,91.36,39.33
MGK,67.69,63.89,50.74,393.4,73.4,79.26,59.14,57.54,53.18,69.76,81.15,45.11
TEMX,91.39,62.82,50.74,31.94,100.0,87.7,87.7,87.7,87.7,65.47,93.09,34.68
CMDT,65.0,60.91,50.74,32.69,95.69,64.76,44.68,44.68,44.68,31.53,100.0,45.08
VTWG,82.62,52.67,50.74,247.22,100.0,79.09,73.0,73.0,73.0,62.78,89.12,14.45
SFLO,68.59,55.2,50.73,30.84,77.66,81.33,55.47,55.47,55.47,55.67,90.67,23.86
KBWY,76.32,46.96,50.73,16.17,100.0,76.79,61.63,61.98,55.21,54.1,77.78,15.54
DSI,68.45,65.55,50.72,127.72,77.85,77.13,56.96,59.66,56.09,58.95,86.55,51.3
ADIV,67.02,50.92,50.7,18.11,100.0,52.89,52.89,52.89,52.89,57.69,86.79,15.31
VONE,72.84,68.08,50.69,311.02,100.0,85.23,45.87,47.47,53.23,57.35,87.47,57.81
MSLC,79.43,66.71,50.68,54.63,93.97,71.03,74.41,74.41,74.41,57.34,86.35,55.37
APUE,72.7,63.04,50.66,42.22,100.0,61.66,61.55,61.12,57.82,56.54,88.41,44.9
GSUS,72.88,61.24,50.66,94.53,94.4,64.05,63.45,63.45,63.45,57.45,87.01,41.07
KNO,100.0,53.43,50.65,55.63,100.0,100.0,100.0,100.0,100.0,61.78,94.36,12.39
VIOO,68.6,68.32,50.64,121.84,100.0,69.66,44.4,48.45,52.38,54.33,94.06,54.54
QGRO,69.45,52.45,50.64,111.33,93.83,64.37,60.08,50.96,50.89,62.65,72.32,28.7
USMC,67.91,61.58,50.62,67.61,100.0,43.63,60.01,60.01,60.01,57.5,84.67,43.93
SECT,71.63,61.87,50.59,63.98,87.21,79.08,57.13,57.07,57.07,58.54,86.41,42.49
IYC,68.11,46.16,50.57,100.71,100.0,65.33,49.98,49.02,43.77,60.43,68.49,17.7
FXA,70.42,51.76,50.56,70.28,69.42,72.63,69.85,69.85,69.85,53.39,79.48,26.48
FJAN,73.53,61.55,50.54,52.25,82.4,79.88,64.09,64.09,64.09,51.55,88.2,44.47
FDLO,67.3,57.73,50.54,67.09,100.0,58.58,50.34,50.34,50.34,50.13,85.0,38.62
INFO,82.4,58.33,50.53,24.81,100.0,74.63,74.98,74.98,74.98,56.35,88.13,33.5
TEKX,66.57,53.34,50.53,47.83,48.35,74.38,74.38,74.38,74.38,66.06,98.99,5.45
JMOM,65.31,59.22,50.52,72.78,100.0,44.47,54.55,53.0,52.59,59.73,89.89,32.07
SPYX,69.28,59.99,50.51,56.08,100.0,58.54,58.33,51.52,49.07,58.18,86.85,37.62
BBLU,69.21,57.64,50.5,15.27,100.0,61.23,52.5,54.03,53.76,53.31,87.82,33.93
NULV,72.16,61.58,50.49,47.35,100.0,80.61,49.39,48.0,48.65,51.76,93.45,39.83
NUSC,65.76,57.19,50.49,47.64,88.88,64.0,51.28,51.39,51.39,57.57,92.51,26.04
MDYV,66.92,61.31,50.48,89.19,86.39,61.91,57.06,57.29,55.27,49.99,91.12,42.29
FJUL,91.9,61.1,50.48,56.83,100.0,91.79,86.56,86.56,86.56,51.34,87.71,43.92
STRV,75.02,59.4,50.48,44.22,100.0,78.53,56.42,56.42,56.42,57.97,87.12,36.04
FFEB,80.69,61.4,50.47,58.05,100.0,69.56,73.99,73.99,73.99,50.62,89.13,43.88
PID,78.06,56.32,50.45,22.84,100.0,72.96,66.27,66.27,66.27,45.35,93.24,30.86
OUSM,78.4,53.34,50.45,45.94,100.0,91.43,56.75,56.75,56.75,51.57,75.74,34.85
THD,69.07,53.16,50.45,72.29,71.21,88.7,57.02,56.53,56.23,61.81,100.0,6.77
FNDC,74.27,62.71,50.44,49.02,100.0,71.8,60.87,59.64,51.35,57.81,97.09,35.68
FDIS,75.55,46.78,50.41,98.01,100.0,77.75,58.67,57.72,56.72,65.33,67.06,17.44
GSWO,80.01,57.78,50.4,59.44,48.71,92.68,93.83,93.83,93.83,56.17,89.1,31.39
FIDI,69.69,53.93,50.4,28.57,88.56,73.02,56.26,54.84,53.17,41.35,100.0,21.47
FLGB,68.22,57.79,50.39,36.62,72.33,57.04,71.69,71.69,71.69,51.91,97.13,27.05
RWJ,71.55,57.35,50.39,53.38,100.0,62.57,58.01,58.96,55.1,50.77,94.51,28.95
KBA,67.78,47.52,50.39,31.9,73.51,59.09,68.78,68.78,68.78,51.13,92.43,5.96
XT,70.91,61.17,50.38,71.81,89.22,76.54,55.57,55.57,55.57,59.34,91.54,35.74
EQL,67.67,57.15,50.38,48.94,100.0,57.48,51.78,51.78,51.78,45.22,92.61,33.57
ONEQ,65.96,65.16,50.37,91.26,76.94,65.08,60.33,59.67,55.62,67.0,85.73,46.02
EVUS,87.48,59.21,50.33,33.17,100.0,82.25,82.03,82.03,82.03,52.8,91.27,35.16
QLC,69.83,57.49,50.33,82.56,100.0,71.51,48.78,48.78,48.78,56.57,90.35,29.32
QSPT,70.51,55.86,50.33,32.1,80.66,61.93,68.51,68.51,68.51,56.57,86.31,28.76
LRND,99.97,54.81,50.33,39.77,99.98,99.97,99.97,99.97,99.97,64.37,84.11,23.19
EZJ,72.92,53.92,50.33,59.71,47.45,83.84,83.84,83.84,83.84,66.96,100.0,5.45
QMAR,72.9,57.52,50.32,34.99,100.0,54.41,65.1,65.1,65.1,53.87,89.66,31.68
FMAT,68.67,57.09,50.32,60.68,71.65,68.14,66.97,66.97,66.97,48.93,99.57,25.01
TVAL,73.09,61.36,50.31,38.06,100.0,61.95,61.34,61.34,61.34,50.76,95.13,38.44
IVVM,65.39,58.3,50.31,35.23,100.0,52.5,49.47,49.47,49.47,48.16,87.58,39.01
XMAG,65.22,58.19,50.31,23.24,86.07,59.18,54.67,54.67,54.67,54.24,89.24,33.49
FAN,67.69,49.79,50.3,25.68,76.16,63.71,64.26,64.26,64.26,47.72,100.0,7.15
BUFM,96.53,54.53,50.28,39.14,99.44,95.28,95.28,95.28,95.28,33.51,83.5,42.32
NOCT,72.06,57.2,50.27,58.69,100.0,77.41,50.47,50.47,50.47,53.11,86.52,34.1
AUGZ,84.02,56.79,50.27,42.23,88.63,82.04,82.04,82.04,82.04,52.04,86.41,33.84
MSSM,70.15,58.73,50.26,55.14,77.45,64.64,68.34,68.34,68.34,58.61,93.97,27.98
FVAL,67.48,58.16,50.26,72.67,68.03,72.33,64.41,64.41,64.41,55.13,90.44,31.81
SSUS,83.43,56.19,50.26,49.41,98.82,88.2,70.52,70.52,70.52,58.59,87.16,27.59
FSCC,67.05,55.2,50.26,31.63,65.8,57.39,73.25,73.25,73.25,59.66,91.23,20.88
USVM,67.93,58.92,50.25,99.45,70.1,74.76,62.69,62.69,62.69,51.6,94.99,31.94
ROUS,65.87,58.82,50.25,61.6,90.77,64.37,50.1,50.1,50.1,52.24,92.84,33.17
XAIX,65.19,57.59,50.25,43.19,100.0,50.27,50.27,50.27,50.27,69.51,87.23,24.2
EFIV,69.08,57.16,50.25,66.38,100.0,52.16,57.87,57.87,57.87,56.76,89.25,29.32
EUSA,74.4,56.84,50.25,105.78,79.95,67.13,74.74,74.74,74.74,54.17,86.35,32.68
AVRE,72.6,47.22,50.25,46.51,100.0,70.11,55.72,55.72,55.72,44.23,83.08,17.71
QDEC,76.93,55.55,50.24,32.89,84.27,74.06,73.64,73.64,73.64,56.22,88.58,26.24
ILCV,67.08,59.75,50.23,96.14,88.84,65.34,53.53,53.53,53.53,48.8,92.37,38.05
JPEM,72.25,58.78,50.23,65.36,84.92,61.31,69.89,69.89,69.89,54.93,95.68,28.9
SGLC,69.77,58.04,50.22,39.61,96.4,60.69,57.07,57.07,57.07,58.72,90.75,28.99
SEPU,74.1,57.77,50.22,28.93,96.76,64.99,64.06,64.06,64.06,48.61,86.14,38.67
IYY,74.15,60.84,50.21,167.12,100.0,73.69,57.18,57.18,57.18,56.78,87.38,40.15
NNOV,93.49,57.67,50.21,29.02,100.0,90.7,90.7,90.7,90.7,52.18,84.98,37.2
PSCJ,100.0,57.43,50.21,30.45,100.0,100.0,100.0,100.0,100.0,46.38,87.21,38.28
BBMC,78.33,58.91,50.2,115.64,100.0,66.82,70.28,70.28,70.28,57.7,93.4,29.49
CATH,72.54,55.2,50.2,82.49,100.0,62.93,59.57,59.57,59.57,57.57,86.45,26.38
USSG,68.13,54.85,50.2,62.77,87.31,61.65,58.95,58.95,58.95,59.82,87.26,23.38
SUSL,72.86,56.11,50.19,119.65,96.65,45.57,72.15,72.15,72.15,59.32,87.23,26.87
ALIL,100.0,47.51,50.19,29.96,100.0,100.0,100.0,100.0,100.0,56.48,52.63,37.42
DGRS,65.24,54.49,50.18,55.62,100.0,42.44,54.74,54.74,54.74,48.75,95.93,21.81
HAP,66.76,53.77,50.18,73.8,90.39,62.05,53.63,53.63,53.63,37.25,100.0,23.64
NTSI,69.9,53.26,50.17,46.31,93.98,50.67,64.52,64.52,64.52,57.83,93.74,14.99
QDF,68.89,60.59,50.16,82.64,100.0,52.21,57.42,57.42,57.42,53.06,89.83,39.71
FDLS,68.41,57.59,50.16,39.27,84.4,66.03,59.08,59.08,59.08,55.09,96.17,25.39
DWLD,66.32,48.78,50.16,45.39,72.03,50.7,71.2,71.2,71.2,56.64,88.2,9.37
EDOW,78.38,56.62,50.15,41.58,100.0,69.54,68.87,68.87,68.87,55.15,90.58,27.83
JPXN,74.62,55.1,50.15,95.25,100.0,59.7,66.0,66.0,66.0,60.21,98.84,13.64
USSE,66.04,55.01,50.15,35.46,100.0,55.41,49.31,49.31,49.31,60.62,82.47,27.47
FSEP,70.43,60.87,50.14,52.12,86.34,75.41,57.05,57.05,57.05,51.47,87.21,43.69
EZM,81.38,56.81,50.14,70.5,100.0,76.45,71.7,71.7,71.7,51.85,91.14,29.87
MFDX,67.37,56.71,50.14,41.78,73.82,69.49,61.9,61.9,61.9,51.47,97.19,24.57
JPSE,65.79,55.87,50.14,55.31,78.32,64.22,58.31,58.31,58.31,49.94,94.95,25.39
GGUS,70.22,55.19,50.14,61.26,51.32,59.95,88.53,88.53,88.53,62.49,81.25,27.82
FTRI,67.93,53.12,50.14,18.33,90.63,50.32,62.57,62.57,62.57,40.04,100.0,20.27
XMLV,73.28,51.49,50.14,65.12,96.89,69.66,59.56,59.56,59.56,41.01,75.25,37.24
DYTA,76.26,49.63,50.14,29.35,100.0,66.09,66.09,66.09,66.09,56.27,55.37,40.45
GVUS,93.78,59.79,50.13,57.43,86.71,96.81,96.81,96.81,96.81,50.39,93.97,35.77
NDEC,68.39,58.28,50.13,28.03,85.55,61.04,61.04,61.04,61.04,52.55,86.74,36.97
IQSM,99.9,55.88,50.13,36.4,99.93,99.89,99.89,99.89,99.89,55.02,90.86,25.8
FYT,80.98,53.78,50.13,64.69,86.61,72.65,81.85,81.85,81.85,46.01,99.33,18.79
CAML,74.51,52.62,50.13,37.46,92.65,85.01,56.59,56.59,56.59,62.64,72.16,29.27
FTCE,79.18,57.53,50.12,24.67,100.0,74.14,68.09,68.09,68.09,57.74,87.71,31.0
DECU,69.73,57.48,50.12,27.42,100.0,61.61,54.06,54.06,54.06,48.46,82.74,41.01
RWK,74.73,57.12,50.12,136.02,65.34,86.14,74.65,74.65,74.65,51.14,91.65,30.64
BUFS,67.88,56.64,50.12,23.84,94.32,68.84,49.73,49.73,49.73,44.97,89.92,34.81
VUSE,72.64,54.39,50.12,65.79,91.46,44.36,75.8,75.8,75.8,58.11,78.72,30.77
JOET,68.88,49.98,50.12,42.08,100.0,55.99,55.29,55.29,55.29,57.52,76.58,21.98
DBE,65.75,46.69,50.12,29.11,99.49,49.7,51.95,52.14,52.75,35.7,100.0,6.92
FOCT,66.44,60.94,50.11,49.58,58.95,70.28,69.3,69.3,69.3,52.01,88.12,42.74
JPRE,71.88,45.45,50.11,50.36,81.3,82.29,59.82,59.82,59.82,40.51,70.26,26.84
KMAR,72.18,60.35,50.1,30.28,82.04,63.16,70.61,70.61,70.61,48.25,91.8,40.39
QCJA,67.38,59.21,50.1,22.24,91.98,77.42,45.4,45.4,45.4,51.42,87.11,39.67
OCTZ,81.09,57.2,50.1,42.66,100.0,72.98,72.98,72.98,72.98,53.49,86.74,33.66
NANC,72.05,56.44,50.1,45.08,100.0,55.54,62.58,62.58,62.58,62.31,83.95,28.69
WEEL,81.8,56.3,50.1,19.99,100.0,77.21,72.22,72.22,72.22,48.45,89.95,31.77
JPIN,66.79,55.15,50.1,74.24,100.0,56.34,50.46,50.46,50.46,53.36,97.34,19.35
FLRG,70.31,54.97,50.1,38.42,100.0,55.23,58.89,58.89,58.89,50.36,86.38,30.36
BBSC,90.45,54.87,50.1,79.92,100.0,86.36,86.36,86.36,86.36,59.05,91.68,20.06
RSMC,78.69,49.09,50.1,26.66,87.2,75.05,75.05,75.05,75.05,54.92,66.46,30.24
IJT,70.72,67.53,50.09,155.19,90.27,68.58,58.8,57.71,60.22,56.96,91.67,53.01
RGEF,76.1,61.0,50.09,31.74,50.0,87.28,87.28,87.28,87.28,55.43,91.43,37.86
BJUL,72.33,58.28,50.09,51.64,67.68,74.32,74.32,74.32,74.32,51.28,87.82,36.82
JPUS,71.04,56.97,50.09,134.86,100.0,53.68,61.38,61.38,61.38,43.79,94.84,32.07
FPXI,81.58,50.27,50.09,69.06,85.15,80.05,80.05,80.05,80.05,57.9,95.56,5.87
KARS,75.53,49.94,50.09,34.39,100.0,71.42,61.5,61.5,61.5,53.56,98.19,5.45
NBSM,68.7,48.6,50.09,26.59,100.0,64.15,50.37,50.37,50.37,54.79,72.81,23.56
GMOV,65.75,58.14,50.08,28.73,100.0,49.81,51.77,51.77,51.77,47.78,94.72,32.62
BSMC,77.61,58.03,50.08,37.54,96.44,73.71,67.23,67.23,67.23,48.05,96.98,30.18
DXUV,69.11,57.53,50.08,62.13,89.83,67.36,56.27,56.27,56.27,55.35,91.25,29.38
XBJA,74.06,55.98,50.08,32.4,100.0,61.71,63.63,63.63,63.63,51.17,87.09,31.77
GLOF,70.36,55.74,50.08,55.18,100.0,56.89,58.09,58.09,58.09,58.23,91.1,23.25
BRIF,70.15,61.1,50.07,31.65,100.0,52.26,60.18,60.18,60.18,56.02,97.84,32.12
IDEC,98.38,60.59,50.07,33.63,99.56,97.88,97.88,97.88,97.88,49.36,91.62,40.45
DFVX,67.4,59.53,50.07,77.66,86.44,67.47,54.67,54.67,54.67,53.84,91.52,35.1
ITDF,69.26,59.29,50.07,38.68,93.54,60.61,57.88,57.88,57.88,55.79,90.88,33.84
VLU,77.59,58.64,50.07,224.95,77.41,81.91,75.31,75.31,75.31,49.58,94.37,33.04
AVSU,71.44,58.03,50.07,78.81,100.0,55.92,61.03,61.03,61.03,59.18,90.44,28.95
VFVA,72.45,57.35,50.07,138.99,88.41,68.24,64.15,64.15,64.15,50.36,95.06,28.73
BAMG,67.89,56.55,50.07,39.07,100.0,54.13,54.13,54.13,54.13,64.11,84.14,27.69
SPXT,69.16,56.21,50.07,105.42,91.93,57.71,60.34,60.34,60.34,53.77,90.04,28.14
CVMC,69.53,56.08,50.07,67.8,69.38,69.59,69.59,69.59,69.59,56.3,90.47,25.84
GAL,72.33,55.16,50.07,51.35,65.25,75.36,75.36,75.36,75.36,47.7,90.64,28.79
PY,68.78,53.55,50.07,52.32,100.0,55.4,55.4,55.4,55.4,48.49,81.77,32.01
ACLC,70.61,53.06,50.07,78.11,94.1,60.54,60.54,60.54,60.54,58.27,85.67,21.27
FCEF,67.89,52.67,50.07,23.35,98.15,54.95,54.91,54.91,54.91,48.23,90.21,22.6
YLD,89.22,52.36,50.07,18.97,100.0,76.67,93.14,92.2,75.46,47.75,71.06,38.87
GSEU,66.5,51.09,50.07,48.13,100.0,49.16,53.81,53.81,53.81,53.65,93.28,12.57
GQRE,65.92,48.19,50.07,62.93,100.0,51.31,51.31,51.31,51.31,45.6,90.32,12.94
SSXU,70.07,61.48,50.06,36.25,68.38,70.79,70.79,70.79,70.79,57.6,93.49,35.9
FMAY,67.12,60.78,50.06,54.63,81.48,59.27,61.9,61.9,61.9,50.71,88.09,43.17
INOV,88.59,60.2,50.06,36.02,100.0,83.7,83.7,83.7,83.7,48.03,91.46,40.45
SPYH,67.05,59.99,50.06,54.26,100.0,58.95,49.58,49.58,49.58,51.58,88.32,40.45
AVEE,72.15,59.16,50.06,68.03,96.25,63.39,60.95,60.95,60.95,63.51,91.05,28.55
BFEB,75.28,58.56,50.06,49.66,100.0,68.9,62.35,62.35,62.35,52.29,89.22,35.65
PALC,69.09,53.58,50.06,53.5,88.95,58.39,61.8,61.8,61.8,55.32,85.57,24.51
RPHS,75.55,53.32,50.06,10.04,100.0,65.83,64.66,64.66,64.66,50.75,77.55,33.73
RDFI,70.11,51.4,50.06,23.65,77.35,67.01,67.01,67.01,67.01,53.11,81.39,24.1
CLSM,71.36,50.92,50.06,24.45,100.0,59.09,59.09,59.09,59.09,46.48,89.73,19.73
MVFG,70.52,61.4,50.05,33.72,93.09,60.85,60.85,60.85,60.85,55.97,95.99,34.53
ITDG,75.31,59.19,50.05,39.2,92.31,68.02,68.02,68.02,68.02,56.9,91.05,32.75
FEBT,68.72,58.94,50.05,38.88,79.65,62.23,65.03,65.03,65.03,52.25,89.11,36.73
ITDB,73.4,58.92,50.05,33.74,100.0,62.0,62.0,62.0,62.0,46.33,89.03,40.45
ITDE,65.25,58.81,50.05,37.57,63.67,65.93,65.93,65.93,65.93,52.33,90.64,35.0
BOCT,71.08,58.07,50.05,49.93,89.81,63.06,63.06,63.06,63.06,50.62,87.59,36.9
BDEC,70.87,57.42,50.05,49.99,90.3,62.55,62.55,62.55,62.55,51.98,88.22,33.88
TEQI,67.55,57.42,50.05,46.71,97.54,54.7,54.7,54.7,54.7,48.08,91.72,33.24
JANT,84.73,57.21,50.05,41.66,100.0,78.18,78.18,78.18,78.18,51.78,88.48,33.25
SIZE,72.96,54.98,50.05,166.16,100.0,62.49,60.75,60.75,60.75,54.59,88.32,26.05
STXK,71.48,54.1,50.05,35.29,88.61,64.14,64.14,64.14,64.14,56.16,91.06,20.48
XSLV,82.48,48.12,50.05,49.43,100.0,76.32,74.23,74.23,74.23,43.52,78.74,24.21
SWAN,68.46,48.09,50.05,32.01,100.0,54.85,54.99,54.99,54.99,51.17,80.58,17.73
SEIE,70.55,64.49,50.04,34.6,89.19,54.95,66.8,66.8,66.8,55.59,96.32,42.2
PRVS,66.84,59.63,50.04,29.32,66.45,62.37,69.58,69.58,69.58,57.98,92.92,31.54
MRCP,78.81,59.34,50.04,32.82,63.25,85.48,85.48,85.48,85.48,49.51,88.9,39.61
THEQ,82.03,59.1,50.04,28.22,89.46,78.84,78.84,78.84,78.84,49.74,87.1,40.45
DECT,75.51,58.66,50.04,36.98,92.07,69.53,67.8,67.8,67.8,52.1,88.36,36.76
SEPT,72.66,58.23,50.04,35.63,95.31,62.95,62.95,62.95,62.95,50.43,87.9,37.15
AUGU,77.06,58.2,50.04,29.44,88.06,72.34,72.34,72.34,72.34,51.12,86.42,37.92
XBOC,66.22,57.83,50.04,34.08,93.33,51.53,56.31,56.31,56.31,50.93,87.1,36.54
SNOV,79.19,56.29,50.04,25.75,84.97,76.71,76.71,76.71,76.71,46.62,88.34,34.28
GAA,77.88,55.55,50.04,34.64,100.0,68.4,68.4,68.4,68.4,40.19,95.06,30.57
CSM,65.61,55.45,50.04,79.12,100.0,50.87,50.87,50.87,50.87,55.87,87.79,26.88
QDEF,71.12,55.37,50.04,82.54,100.0,58.37,58.96,58.96,58.96,47.57,89.95,29.98
XJR,70.94,54.22,50.04,46.44,100.0,58.48,58.48,58.48,58.48,55.01,92.06,20.62
LCTD,67.22,54.16,50.04,58.41,87.99,59.24,57.81,57.81,57.81,55.17,94.48,18.25
LOWV,78.67,53.41,50.04,77.16,92.76,72.63,72.63,72.63,72.63,55.26,71.39,36.51
CFO,72.55,53.36,50.04,76.49,100.0,60.79,60.79,60.79,60.79,50.38,86.95,25.83
PTH,68.08,51.12,50.04,51.01,77.81,63.91,63.91,63.91,63.91,58.95,97.57,5.59
FDIV,69.57,48.99,50.04,27.74,100.0,56.53,56.53,56.53,56.53,53.42,67.06,30.42
YOKE,82.19,63.42,50.03,29.47,58.87,92.18,92.18,92.18,92.18,60.12,91.18,41.2
ARP,80.85,61.66,50.03,32.17,87.05,78.2,78.2,78.2,78.2,45.99,97.26,40.31
PMAR,65.6,60.27,50.03,45.97,96.22,49.03,54.39,54.39,54.39,47.35,88.44,43.69
QUVU,76.71,60.17,50.03,28.43,100.0,66.73,66.73,66.73,66.73,51.07,92.76,37.34
TBFG,100.0,59.61,50.03,31.11,100.0,100.0,100.0,100.0,100.0,49.34,91.34,38.27
WLDR,66.37,59.57,50.03,39.31,62.68,67.95,67.95,67.95,67.95,59.24,100.0,24.39
ITDH,72.95,59.39,50.03,39.18,100.0,61.35,61.35,61.35,61.35,57.01,91.08,33.16
HEQQ,86.36,59.36,50.03,58.31,100.0,80.52,80.52,80.52,80.52,51.13,86.84,40.45
FGSM,82.61,59.36,50.03,32.99,100.0,75.16,75.16,75.16,75.16,52.38,96.24,31.44
ITDJ,83.61,59.3,50.03,30.45,100.0,76.58,76.58,76.58,76.58,57.35,91.07,32.72
KFEB,93.47,58.76,50.03,29.2,96.23,92.29,92.29,92.29,92.29,48.46,92.6,35.6
TOV,75.54,58.43,50.03,28.85,84.61,71.66,71.66,71.66,71.66,57.35,87.26,33.87
SEPZ,77.36,57.49,50.03,42.35,100.0,67.66,67.66,67.66,67.66,53.57,86.65,34.43
FLCE,88.44,57.07,50.03,28.77,100.0,83.48,83.48,83.48,83.48,55.79,87.0,31.68
KNGZ,70.53,56.27,50.03,37.01,100.0,58.05,57.82,57.82,57.82,49.88,91.85,29.13
MGMT,76.43,55.76,50.03,47.39,95.32,68.33,68.33,68.33,68.33,54.2,93.79,23.45
JUST,69.77,55.14,50.03,97.96,100.0,56.82,56.82,56.82,56.82,55.72,87.92,26.09
COWS,74.42,55.11,50.03,34.05,43.72,87.57,87.57,87.57,87.57,54.53,91.94,23.24
QVMM,100.0,55.08,50.03,33.17,100.0,100.0,100.0,100.0,100.0,50.74,91.32,26.09
WLTG,68.69,54.89,50.03,35.53,53.35,75.26,75.26,75.26,75.26,55.16,91.37,22.79
GGTL,73.65,54.14,50.03,32.62,53.46,82.31,82.31,82.31,82.31,57.29,85.73,24.53
HRTS,67.0,53.97,50.03,34.29,94.06,55.4,55.4,55.4,55.4,52.62,91.46,22.01
CVY,65.36,53.97,50.03,27.95,86.4,56.35,56.35,56.35,56.35,45.04,91.16,27.02
VEGA,75.2,53.78,50.03,50.1,81.21,72.63,72.63,72.63,72.63,49.94,88.8,25.54
ACVF,72.62,53.53,50.03,49.93,74.88,71.65,71.65,71.65,71.65,55.58,85.92,23.9
LDEM,74.54,49.69,50.03,60.95,44.38,87.47,87.47,87.47,87.47,59.83,91.89,6.43
EFFI,100.0,61.15,50.02,24.92,100.0,100.0,100.0,100.0,100.0,53.09,91.03,40.04
XIDV,83.7,60.24,50.02,37.42,100.0,76.72,76.72,76.72,76.72,41.56,99.05,37.95
AVMA,68.1,59.7,50.02,69.88,31.83,83.65,83.65,83.65,83.65,47.63,92.74,38.34
PJFV,70.8,59.0,50.02,88.74,79.58,67.04,67.04,67.04,67.04,54.52,94.27,30.94
FEBP,73.88,58.46,50.02,32.4,54.5,82.19,82.19,82.19,82.19,48.83,88.72,38.0
CCEF,72.33,58.43,50.02,28.89,75.61,70.92,70.92,70.92,70.92,49.31,89.82,36.66
NJUN,72.51,58.4,50.02,32.27,78.4,69.98,69.98,69.98,69.98,50.42,88.05,37.44
QVML,82.86,58.37,50.02,40.58,100.0,75.51,75.51,75.51,75.51,56.86,87.5,33.82
JULP,91.68,58.23,50.02,31.36,100.0,88.12,88.12,88.12,88.12,49.29,87.88,37.87
BAUG,89.77,57.55,50.02,50.78,100.0,85.38,85.38,85.38,85.38,52.11,87.75,34.52
HAPI,69.44,57.54,50.02,41.76,66.72,70.6,70.6,70.6,70.6,56.39,87.8,31.79
BSTP,85.15,56.42,50.02,37.42,89.95,83.09,83.09,83.09,83.09,51.43,87.15,32.65
APRZ,100.0,56.33,50.02,37.17,100.0,100.0,100.0,100.0,100.0,55.38,86.02,30.94
DDIV,68.06,55.95,50.02,42.99,100.0,54.37,54.37,54.37,54.37,54.19,89.72,27.51
EDOG,82.11,55.68,50.02,26.22,100.0,74.45,74.45,74.45,74.45,52.01,97.75,21.16
SPXN,82.91,55.01,50.02,74.94,78.51,84.8,84.8,84.8,84.8,58.3,88.57,23.58
NACP,83.33,54.77,50.02,51.45,85.05,82.59,82.59,82.59,82.59,59.65,91.5,19.58
LSAF,86.9,54.42,50.02,48.06,100.0,81.28,81.28,81.28,81.28,52.72,91.22,23.28
UXI,65.12,53.37,50.02,56.16,59.93,67.35,67.35,67.35,67.35,64.75,100.0,5.45
UX,65.5,53.18,50.02,31.09,76.59,60.75,60.75,60.75,60.75,54.35,85.19,24.45
SPUC,84.0,52.41,50.02,46.78,100.0,77.14,77.14,77.14,77.14,59.9,86.33,18.06
MFUT,77.73,51.81,50.02,18.43,95.88,69.95,69.95,69.95,69.95,41.88,97.6,17.96
CANQ,81.21,51.65,50.02,28.78,83.75,80.12,80.12,80.12,80.12,49.9,69.42,37.2
PSCM,68.77,51.07,50.02,103.56,70.86,67.87,67.87,67.87,67.87,46.89,100.0,10.87
FEUS,100.0,50.5,50.02,72.76,100.0,100.0,100.0,100.0,100.0,54.2,79.76,22.59
SDG,66.2,50.08,50.02,87.54,70.83,64.22,64.22,64.22,64.22,47.81,89.31,17.17
CBLS,100.0,49.61,50.02,30.52,100.0,100.0,100.0,100.0,100.0,56.44,85.59,13.87
SFYF,66.67,47.34,50.02,53.93,73.7,63.65,63.65,63.65,63.65,62.8,84.17,5.45
EVMT,86.06,47.3,50.02,18.46,93.48,82.88,82.88,82.88,82.88,40.48,100.0,5.45
ADVE,65.0,62.87,50.01,44.15,78.34,59.29,59.29,59.29,59.29,62.47,100.0,30.64
TSEP,86.97,62.16,50.01,25.06,94.71,83.65,83.65,83.65,83.65,55.36,91.84,40.45
GUSA,100.0,62.13,50.01,59.39,100.0,100.0,100.0,100.0,100.0,57.13,87.47,43.08
PSTR,66.26,59.12,50.01,29.13,100.0,51.8,51.8,51.8,51.8,55.94,89.04,34.93
AUGP,98.71,59.0,50.01,31.56,100.0,98.16,98.16,98.16,98.16,50.16,87.93,39.21
SEPP,72.25,58.47,50.01,31.05,100.0,60.36,60.36,60.36,60.36,49.37,87.89,38.41
PSFJ,100.0,58.2,50.01,33.8,100.0,100.0,100.0,100.0,100.0,49.07,87.93,37.88
JULZ,100.0,57.83,50.01,42.03,100.0,100.0,100.0,100.0,100.0,55.0,86.01,34.95
KSEP,72.85,57.46,50.01,29.24,64.48,76.44,76.44,76.44,76.44,47.71,90.41,34.72
XRLX,85.71,56.81,50.01,46.25,85.71,85.71,85.71,85.71,85.71,51.29,86.56,34.23
STNC,69.71,56.45,50.01,35.83,63.58,72.34,72.34,72.34,72.34,53.16,93.54,26.06
BEEX,86.52,56.42,50.01,25.38,86.52,86.52,86.52,86.52,86.52,55.66,81.44,35.0
MARZ,65.34,55.62,50.01,34.32,84.73,57.03,57.03,57.03,57.03,53.5,86.31,30.08
LEAD,78.05,55.5,50.01,82.31,76.43,78.74,78.74,78.74,78.74,58.33,90.58,23.04
WBIF,94.77,55.47,50.01,32.37,91.54,96.15,96.15,96.15,96.15,53.2,87.97,28.45
MAGA,86.9,55.46,50.01,54.64,93.78,83.95,83.95,83.95,83.95,43.42,91.91,31.1
SCAP,73.51,55.31,50.01,36.67,100.0,62.15,62.15,62.15,62.15,54.82,91.47,23.98
QWLD,86.61,55.29,50.01,148.16,100.0,80.87,80.87,80.87,80.87,51.68,91.32,26.03
UXJA,100.0,54.8,50.01,34.22,100.0,100.0,100.0,100.0,100.0,54.99,84.4,28.77
MBOX,89.19,54.57,50.01,37.38,96.89,85.89,85.89,85.89,85.89,39.79,89.6,33.16
ETHO,70.92,54.49,50.01,70.84,86.21,64.37,64.37,64.37,64.37,60.12,93.59,16.76
BKSE,92.98,54.11,50.01,120.54,100.0,89.97,89.97,89.97,89.97,56.8,93.25,18.19
OVS,65.81,53.81,50.01,38.65,100.0,51.15,51.15,51.15,51.15,54.94,95.59,16.55
SPXV,87.34,53.73,50.01,75.3,84.41,88.59,88.59,88.59,88.59,59.14,87.14,21.11
DEEP,67.51,52.95,50.01,38.65,72.19,65.5,65.5,65.5,65.5,52.44,92.12,18.99
FEBZ,80.14,52.53,50.01,37.54,73.96,82.79,82.79,82.79,82.79,49.26,78.68,31.7
JUNZ,100.0,52.11,50.01,32.36,100.0,100.0,100.0,100.0,100.0,52.01,76.0,31.26
SIXS,91.44,52.08,50.01,53.9,91.44,91.44,91.44,91.44,91.44,45.27,93.64,19.97
FSZ,71.93,50.22,50.01,82.49,67.79,73.71,73.71,73.71,73.71,53.49,90.97,12.51
MSTQ,89.02,49.42,50.01,34.38,87.14,89.82,89.82,89.82,89.82,59.21,80.74,15.9
QTR,100.0,49.32,50.01,29.87,100.0,100.0,100.0,100.0,100.0,57.75,82.41,15.11
ZSB,100.0,47.46,50.01,22.69,100.0,100.0,100.0,100.0,100.0,41.12,100.0,5.45
BBB,86.46,47.08,50.01,28.4,85.75,86.76,86.76,86.76,86.76,61.94,59.6,26.85
HELX,79.19,46.92,50.01,33.49,79.19,79.19,79.19,79.19,79.19,58.76,85.86,5.45
PSCF,67.6,46.52,50.01,60.62,32.91,82.46,82.46,82.46,82.46,49.26,87.19,9.23
PPIE,78.77,60.84,50.0,27.19,78.77,78.77,78.77,78.77,78.77,55.28,92.84,36.31
GSKH,75.74,59.44,50.0,81.9,87.97,70.5,70.5,70.5,70.5,46.27,100.0,32.17
SPDG,73.39,59.25,50.0,42.7,61.18,78.62,78.62,78.62,78.62,50.67,94.41,33.84
JUSA,100.0,59.23,50.0,62.11,100.0,100.0,100.0,100.0,100.0,57.11,87.57,35.77
AUGT,100.0,58.27,50.0,36.18,100.0,100.0,100.0,100.0,100.0,51.25,87.8,36.81
DVND,100.0,58.21,50.0,36.26,100.0,100.0,100.0,100.0,100.0,48.58,91.82,34.81
JUNT,100.0,58.11,50.0,37.13,100.0,100.0,100.0,100.0,100.0,49.54,88.11,37.21
JNEU,100.0,57.74,50.0,30.35,100.0,100.0,100.0,100.0,100.0,54.11,84.79,36.33
SROI,100.0,57.58,50.0,34.41,100.0,100.0,100.0,100.0,100.0,55.77,85.62,34.18
USNZ,79.45,57.39,50.0,42.74,92.43,73.89,73.89,73.89,73.89,60.4,85.53,30.89
TWOX,83.25,57.24,50.0,27.83,67.87,89.84,89.84,89.84,89.84,57.42,88.76,29.55
VOXP,100.0,56.27,50.0,35.12,100.0,100.0,100.0,100.0,100.0,55.43,87.4,29.55
QHDG,100.0,56.24,50.0,29.31,100.0,100.0,100.0,100.0,100.0,51.85,84.47,34.28
RBLD,100.0,55.28,50.0,85.79,100.0,100.0,100.0,100.0,100.0,49.48,96.84,22.54
LQAI,100.0,55.1,50.0,40.26,100.0,100.0,100.0,100.0,100.0,54.68,87.13,27.34
AGRW,100.0,54.81,50.0,28.93,100.0,100.0,100.0,100.0,100.0,64.24,73.09,32.92
HDMV,99.17,53.98,50.0,38.35,98.92,99.28,99.28,99.28,99.28,45.63,94.23,23.99
SHUS,100.0,53.71,50.0,47.27,100.0,100.0,100.0,100.0,100.0,47.55,78.71,35.69
HAPS,100.0,52.99,50.0,32.92,100.0,100.0,100.0,100.0,100.0,54.05,89.47,20.41
UPGR,100.0,51.14,50.0,24.71,100.0,100.0,100.0,100.0,100.0,64.15,94.06,5.45
DECO,73.02,51.13,50.0,52.15,73.02,73.02,73.02,73.02,73.02,69.11,90.5,5.45
JPSV,100.0,50.6,50.0,62.13,100.0,100.0,100.0,100.0,100.0,47.17,81.67,25.55
BEEZ,100.0,50.58,50.0,33.46,100.0,100.0,100.0,100.0,100.0,57.2,68.9,30.4
WDNA,100.0,50.1,50.0,17.71,100.0,100.0,100.0,100.0,100.0,51.69,100.0,5.45
VNSE,100.0,49.95,50.0,38.18,100.0,100.0,100.0,100.0,100.0,56.87,74.82,23.87
ACSI,100.0,49.82,50.0,67.34,100.0,100.0,100.0,100.0,100.0,55.03,76.62,23.11
SIMS,100.0,49.08,50.0,44.29,100.0,100.0,100.0,100.0,100.0,60.63,90.7,5.45
LFEQ,78.47,48.54,50.0,53.98,100.0,69.24,69.24,69.24,69.24,54.03,74.57,22.32
DTRE,74.74,45.03,50.0,41.74,54.87,83.25,83.25,83.25,83.25,50.31,79.32,11.73
OZEM,67.97,54.79,49.98,31.62,89.52,63.37,56.16,56.16,56.16,50.23,99.28,18.7
NIXT,83.42,54.46,49.96,29.4,82.87,83.65,83.65,83.65,83.65,55.88,93.13,19.74
FPAG,75.19,55.65,49.93,38.4,93.67,85.09,57.36,57.36,57.36,60.94,91.46,21.0
AVNV,72.81,63.08,49.88,82.97,90.88,65.07,65.07,65.07,65.07,54.84,100.0,35.92
BUYO,86.81,51.97,49.86,28.76,76.74,91.12,91.12,91.12,91.12,54.09,87.63,19.44
EWI,69.58,52.81,49.82,57.72,86.24,68.88,59.1,58.57,58.57,57.59,92.86,14.77
YDEC,84.66,51.73,49.75,27.02,96.4,79.64,79.63,79.63,79.63,45.94,86.16,25.22
MLPA,68.75,57.83,49.73,53.39,100.0,68.36,49.54,48.17,44.54,26.89,94.57,45.01
IQSI,71.32,54.29,49.73,37.46,28.91,89.5,89.5,89.5,89.5,56.78,93.82,18.15
DSTX,70.15,52.57,49.7,33.61,100.0,57.36,57.36,57.36,57.36,54.46,97.07,12.44
RND,84.54,54.86,49.68,29.16,100.0,77.91,77.91,77.91,77.91,64.7,82.31,24.69
FEBU,100.0,58.29,49.66,27.85,100.0,100.0,100.0,100.0,100.0,49.86,87.01,38.43
FFDI,66.07,60.5,49.65,31.82,83.96,58.4,58.4,58.4,58.4,61.68,88.42,35.33
MMTM,70.58,55.98,49.65,301.12,62.57,74.01,74.01,74.01,74.01,60.48,88.4,24.81
RKLX,69.85,57.08,49.63,30.55,100.0,53.52,61.86,55.97,54.11,92.32,90.41,5.9
BCI,70.71,65.84,49.61,23.92,100.0,78.18,46.32,45.51,50.3,61.8,100.0,38.47
APRP,79.43,55.11,49.53,31.31,100.0,71.99,69.86,69.86,69.86,37.88,89.05,36.18
IMCG,70.19,56.77,49.51,84.66,100.0,69.09,49.22,53.23,52.91,61.41,81.06,32.61
PTEU,67.6,58.37,49.49,31.96,67.23,67.76,67.76,67.76,67.76,58.15,85.72,34.57
DRLL,74.77,47.76,49.46,36.47,96.82,70.15,62.64,62.64,62.64,9.4,100.0,26.02
QQMG,74.71,50.12,49.44,42.44,100.0,70.25,60.32,60.32,60.32,62.95,85.45,11.18
LSGR,69.55,52.18,49.43,41.58,80.52,66.73,67.39,60.53,58.09,66.31,67.85,29.64
AQLT,71.3,60.81,49.4,29.36,87.44,59.74,66.96,66.96,66.96,60.98,92.14,33.28
DJUL,80.78,58.36,49.37,48.29,100.0,72.55,72.55,72.55,72.55,47.97,87.36,39.49
TOUS,77.62,65.84,49.33,36.66,88.61,69.37,74.99,75.34,74.13,60.79,94.23,44.15
VOT,79.87,55.69,49.31,273.25,100.0,84.32,66.1,65.09,57.53,63.97,63.44,43.73
DEEF,100.0,53.27,49.3,39.47,100.0,100.0,100.0,100.0,100.0,49.4,98.8,15.86
QCOC,79.05,57.9,49.28,22.7,100.0,70.07,70.07,70.07,70.07,49.7,84.27,39.94
PAMC,68.49,56.28,49.28,51.22,87.81,60.21,60.21,60.21,60.21,62.64,92.54,20.58
PWV,66.49,60.34,49.22,71.33,92.79,69.95,47.03,47.03,47.03,41.97,94.34,42.06
EVX,65.62,51.11,49.22,40.24,95.94,52.62,52.62,52.62,52.62,49.28,79.88,27.09
MOTG,84.35,55.04,49.17,38.89,94.06,80.19,80.19,80.19,80.19,59.62,87.49,23.78
MSSS,77.91,56.53,49.16,31.45,100.0,67.71,68.85,68.85,68.85,59.77,84.64,29.92
FDG,71.72,48.29,49.16,121.43,100.0,61.7,58.44,58.44,58.44,65.44,83.13,7.09
CAS,65.63,59.66,49.13,25.7,41.28,76.06,76.06,76.06,76.06,55.67,98.67,28.01
EFAX,72.92,54.13,49.11,52.94,90.16,69.61,63.27,63.27,63.27,58.58,92.56,17.72
IWLG,66.88,51.84,49.1,51.16,50.91,56.57,83.26,83.26,83.26,66.3,67.79,28.85
SPHY,70.51,70.89,49.01,23.51,77.22,70.66,68.19,66.91,59.37,68.14,74.7,69.28
WBIG,75.89,50.8,48.99,24.03,100.0,65.55,65.55,65.55,65.55,49.41,84.03,22.58
RSPT,66.58,65.89,48.98,49.01,100.0,40.26,58.87,58.31,59.67,70.08,91.5,40.86
SPHB,79.69,57.69,48.93,125.11,97.16,82.72,69.03,68.56,57.44,67.38,95.1,18.89
GSEP,70.12,58.56,48.92,39.23,100.0,65.74,52.63,52.63,52.63,48.05,83.99,42.89
DIEM,71.31,56.42,48.91,37.83,97.4,66.55,56.55,56.55,56.55,64.52,100.0,13.22
EMBX,70.87,48.27,48.91,51.63,97.66,63.59,57.05,57.05,57.05,48.25,84.64,16.46
SPFF,78.42,46.27,48.85,9.11,100.0,81.42,62.37,62.37,62.37,48.5,68.2,25.69
DIV,66.55,56.28,48.83,19.18,96.98,50.45,56.49,56.02,51.19,36.82,98.13,31.83
SMCF,87.8,51.61,48.83,36.04,97.01,83.86,83.86,83.86,83.86,43.02,95.15,18.89
TGRW,67.53,45.82,48.81,43.45,82.14,61.27,61.27,61.27,61.27,65.4,71.78,10.88
RSST,76.06,55.33,48.78,30.22,100.0,63.51,67.08,67.08,67.08,54.9,98.35,17.95
YSEP,69.49,53.52,48.74,26.93,100.0,50.67,59.6,59.6,59.6,46.19,90.3,25.91
GAUG,75.68,58.81,48.69,39.84,100.0,65.47,65.14,65.14,65.14,48.36,85.86,41.68
PAUG,78.18,60.05,48.66,43.95,100.0,65.7,70.57,70.57,70.57,47.52,87.59,43.78
VEGN,66.19,51.05,48.63,61.16,56.73,70.25,70.25,70.25,70.25,63.07,85.53,13.38
GTOH,69.29,53.12,48.59,25.6,90.63,60.14,60.14,60.14,60.14,43.54,74.44,40.45
HSBH,76.22,61.44,48.57,101.53,78.14,75.39,75.39,75.39,75.39,50.0,100.0,34.84
ALTY,65.02,54.27,48.55,12.24,100.0,43.85,53.47,53.47,53.47,39.3,92.05,30.56
TGRT,76.8,55.67,48.43,42.25,100.0,72.69,63.61,63.61,63.61,65.47,74.83,32.77
QGRW,72.48,61.91,48.42,57.65,100.0,75.83,54.25,55.33,44.32,70.0,83.61,37.87
USXF,68.43,55.42,48.42,59.62,81.9,81.16,52.37,52.37,52.37,60.33,86.52,25.13
QTEC,76.78,56.13,48.37,232.97,100.0,67.99,68.59,68.35,58.04,69.45,83.93,23.49
SAEF,65.24,52.86,48.37,29.19,100.0,50.35,50.35,50.35,50.35,61.42,85.0,19.4
CARK,100.0,52.5,48.37,42.9,100.0,100.0,100.0,100.0,100.0,66.86,75.05,23.8
ZSEP,75.29,51.01,48.35,27.09,77.06,71.33,76.3,76.3,76.3,39.01,71.38,40.69
NVBU,66.5,57.95,48.33,28.99,84.6,58.75,58.75,58.75,58.75,48.49,87.33,38.16
PSEP,71.42,60.95,48.32,44.33,100.0,62.44,57.35,57.35,57.35,48.6,87.25,45.66
UAE,66.4,55.25,48.32,19.57,87.78,78.25,43.57,43.87,52.22,80.6,75.95,21.3
VOOG,67.37,65.82,48.31,440.56,86.2,70.2,53.52,53.39,52.42,66.68,84.52,48.93
UAUG,68.5,56.84,48.27,40.54,61.31,71.58,71.58,71.58,71.58,47.0,87.31,36.33
IEUS,68.87,48.23,48.27,71.22,39.15,81.56,81.63,81.63,81.63,57.8,89.64,6.02
INCE,71.92,57.03,48.25,65.9,100.0,62.18,58.62,58.62,58.62,41.78,97.98,30.74
FMAG,69.66,45.47,48.25,34.24,89.97,69.27,56.34,56.34,56.34,60.99,69.64,14.61
FTC,66.48,54.49,48.24,166.11,54.63,80.74,66.46,66.46,66.46,60.52,85.91,23.24
CVAR,100.0,54.97,48.19,28.7,100.0,100.0,100.0,100.0,100.0,50.85,87.03,29.5
ECML,100.0,52.69,48.18,37.15,100.0,100.0,100.0,100.0,100.0,38.76,95.88,23.6
TLCI,86.4,46.51,48.18,25.78,94.87,82.77,82.77,82.77,82.77,57.98,48.12,37.94
QBIG,69.63,51.52,48.14,36.69,70.55,69.23,69.23,69.23,69.23,65.97,80.95,16.74
MOTO,78.22,52.23,48.1,59.63,78.22,78.22,78.22,78.22,78.22,58.33,97.8,8.55
AVSD,71.41,57.31,48.09,78.48,77.44,68.82,68.82,68.82,68.82,58.0,94.27,24.53
WCMI,66.05,66.15,48.08,18.23,67.96,74.55,60.75,61.39,56.94,64.99,92.21,44.07
GK,100.0,45.02,48.06,25.27,100.0,100.0,100.0,100.0,100.0,62.63,77.66,5.45
VGT,66.08,65.57,47.91,758.26,89.91,53.03,58.98,56.14,54.88,70.21,84.38,46.2
BUFF,69.43,59.84,47.9,50.8,100.0,60.76,53.87,53.87,53.87,45.41,87.04,45.07
BCUS,78.71,55.06,47.89,34.69,87.51,75.96,74.38,74.38,74.38,55.74,82.12,30.96
GSEE,68.7,55.41,47.84,63.25,60.34,72.28,72.28,72.28,72.28,64.91,98.99,11.35
SPYD,72.57,69.93,47.79,45.77,97.83,73.96,55.16,54.42,54.97,60.82,86.47,61.16
DARP,66.36,57.44,47.74,50.35,100.0,51.94,51.94,51.94,51.94,62.86,100.0,16.81
THMZ,70.39,53.77,47.72,31.54,75.12,68.36,68.36,68.36,68.36,61.65,71.35,33.46
JUNP,89.4,58.34,47.71,31.21,100.0,84.85,84.85,84.85,84.85,47.65,88.07,39.02
SIXD,100.0,55.86,47.7,29.14,100.0,100.0,100.0,100.0,100.0,48.37,80.03,39.39
GXUS,100.0,63.45,47.65,59.88,100.0,100.0,100.0,100.0,100.0,56.47,96.2,39.15
BBEM,89.01,65.4,47.63,70.87,92.35,87.47,87.63,87.63,87.63,65.69,98.58,36.19
IRTR,68.4,56.78,47.6,31.26,100.0,54.76,54.92,54.92,54.92,44.1,84.5,40.45
DOCT,65.19,59.7,47.59,44.72,79.3,56.25,60.76,60.76,60.76,48.38,87.64,42.34
DDEC,72.69,59.28,47.58,45.45,88.83,64.29,66.59,66.59,66.59,47.67,86.9,42.37
TLTE,74.92,57.11,47.57,71.82,97.41,65.28,65.28,65.28,65.28,65.56,99.77,14.5
USEP,90.68,57.1,47.57,39.81,100.0,86.69,86.69,86.69,86.69,46.31,85.88,38.66
MEDX,77.19,56.81,47.57,33.24,100.0,67.41,67.41,67.41,67.41,51.1,97.06,25.17
DFSE,66.88,62.02,47.41,45.57,100.0,53.89,52.01,52.01,52.01,63.75,95.07,32.01
IYJ,71.07,61.83,47.41,157.13,79.14,60.01,71.84,71.84,71.84,63.2,91.55,34.97
GWX,67.5,56.05,47.4,44.74,84.5,67.53,55.83,57.06,56.09,60.47,97.67,16.86
IGM,73.18,64.98,47.39,130.5,72.15,76.73,75.67,75.49,58.85,76.72,84.63,40.45
TRFM,72.74,54.36,47.38,51.25,81.85,72.56,66.77,66.77,66.77,63.18,88.28,19.17
FPXE,79.09,46.59,47.34,33.69,60.99,86.84,86.84,86.84,86.84,55.54,87.22,5.45
EAFG,100.0,59.85,47.31,25.23,100.0,100.0,100.0,100.0,100.0,54.22,94.67,32.91
IMAY,100.0,59.26,47.31,30.9,100.0,100.0,100.0,100.0,100.0,46.49,89.88,40.45
CRTC,75.53,56.86,47.29,36.87,100.0,65.04,65.04,65.04,65.04,57.98,86.79,29.96
DMAY,72.31,57.67,47.2,46.15,77.13,70.25,70.25,70.25,70.25,48.19,87.78,37.26
FEDM,93.33,51.85,47.2,61.37,93.33,93.33,93.33,93.33,93.33,52.84,90.59,17.34
KCAI,79.14,55.38,47.19,32.33,79.14,79.14,79.14,79.14,79.14,45.69,100.0,22.39
NANR,73.31,54.16,47.13,84.67,100.0,68.45,58.22,58.22,58.22,34.56,100.0,26.3
ILCG,65.94,56.23,47.12,103.2,78.11,67.24,56.99,57.68,56.79,64.61,82.28,28.2
PEXL,88.64,54.14,47.11,63.84,100.0,83.77,83.77,83.77,83.77,60.84,92.23,16.62
HEGD,67.39,56.23,47.1,25.3,95.1,46.07,60.75,60.75,60.75,46.29,83.36,38.71
LST,73.88,59.46,47.09,42.83,100.0,60.27,64.02,64.02,64.02,59.09,93.83,29.63
MEMS,76.24,59.1,47.09,28.41,52.22,86.53,86.53,86.53,86.53,68.94,89.68,26.18
BGRO,70.42,51.37,47.08,37.51,55.24,76.92,76.92,76.92,76.92,66.28,73.12,23.03
EMGF,70.71,62.46,47.07,65.14,86.61,61.54,66.85,66.48,59.85,65.58,98.8,28.71
IAUG,70.84,58.36,47.06,29.36,84.56,64.96,64.96,64.96,64.96,44.41,88.79,40.45
VALQ,70.42,53.57,47.04,65.47,100.0,57.74,57.74,57.74,57.74,55.04,79.45,30.01
GFLW,69.65,55.72,47.02,28.41,88.13,71.47,56.31,56.31,56.31,65.92,80.26,27.86
MTUM,75.22,67.6,47.01,266.05,100.0,72.23,63.4,58.17,54.96,71.21,85.75,49.46
FDEM,71.27,58.94,46.96,33.73,100.0,72.53,53.68,49.63,47.58,67.22,96.87,20.58
NUGO,76.66,53.71,46.95,38.79,100.0,66.66,66.66,66.66,66.66,64.7,78.84,24.85
PHDG,92.67,52.48,46.95,38.97,100.0,89.53,89.53,89.53,89.53,40.29,84.34,32.22
WRND,74.32,55.81,46.9,38.81,67.96,77.05,77.05,77.05,77.05,63.25,90.93,20.44
SSO,68.87,68.56,46.87,57.58,78.05,76.86,60.67,57.74,53.0,87.66,87.04,40.45
CEFA,66.66,53.36,46.86,39.21,100.0,52.37,52.37,52.37,52.37,58.79,93.53,14.82
FXL,66.44,51.0,46.81,171.6,77.47,67.98,58.22,58.22,58.22,65.45,81.0,15.71
ZOCT,66.04,50.38,46.8,27.09,100.0,45.51,54.81,54.81,54.81,39.04,69.68,40.58
DJUN,68.0,58.13,46.72,48.18,73.15,65.79,65.79,65.79,65.79,48.21,86.32,39.66
GHTA,72.93,52.33,46.71,30.01,65.78,76.0,76.0,76.0,76.0,51.46,71.74,35.88
SIXO,72.46,52.1,46.68,34.73,100.0,65.31,58.07,58.07,58.07,34.18,78.33,40.36
PSMO,100.0,55.84,46.6,30.94,100.0,100.0,100.0,100.0,100.0,46.59,80.05,40.45
EMCR,79.47,55.36,46.58,40.07,87.35,76.1,76.1,76.1,76.1,66.86,96.56,12.13
UDEC,82.53,59.38,46.56,39.92,100.0,79.97,72.3,72.3,72.3,48.05,87.84,41.55
FLAX,66.69,53.87,46.55,32.74,100.0,53.45,51.85,51.85,51.85,67.05,98.56,6.54
DECW,74.55,57.71,46.51,34.29,100.0,65.65,62.53,62.53,62.53,46.04,84.77,41.32
IFLN,90.2,49.95,46.43,18.39,100.0,66.57,96.84,96.74,96.74,42.5,71.42,35.81
ABLG,78.05,45.79,46.41,31.85,82.39,76.19,76.19,76.19,76.19,58.48,75.0,12.31
SPUT,70.98,57.9,46.38,27.2,47.82,80.91,80.91,80.91,80.91,45.0,87.79,39.82
CQQQ,69.43,50.38,46.36,48.17,84.11,61.04,67.47,67.16,53.52,77.92,62.57,22.51
FEBW,72.47,56.79,46.34,34.35,100.0,60.67,60.67,60.67,60.67,46.23,82.88,40.57
SYLD,69.87,54.68,46.33,77.21,100.0,58.65,55.73,56.36,56.36,40.13,96.86,26.87
XMAR,74.66,56.58,46.3,41.55,95.06,65.92,65.92,65.92,65.92,43.52,84.07,40.7
DMAR,79.57,58.25,46.29,43.42,97.29,72.15,71.89,71.89,71.89,42.89,87.15,42.56
SIXZ,82.64,53.57,46.26,29.66,94.92,77.38,77.38,77.38,77.38,46.61,73.89,40.14
NXTE,77.17,56.81,46.25,42.36,91.23,71.14,71.14,71.14,71.14,65.93,93.85,18.7
CMDY,73.85,53.92,46.25,59.02,94.0,54.12,72.16,71.52,69.24,37.52,100.0,23.84
EMC,66.64,61.59,46.24,33.3,88.41,57.31,57.31,57.31,57.31,67.68,92.57,30.68
HBTA,66.75,55.32,46.23,28.96,93.75,54.51,55.55,55.55,55.55,65.58,87.14,21.07
MEMX,89.58,63.54,46.2,43.12,96.28,86.71,86.71,86.71,86.71,66.72,100.0,29.64
FTXR,73.65,57.22,46.18,39.64,100.0,62.77,62.12,62.12,62.12,61.92,98.93,17.78
ZIG,91.37,47.24,46.17,39.89,90.04,91.94,91.94,91.94,91.94,42.53,84.69,17.41
MFEM,81.85,57.05,46.16,26.62,93.28,81.29,74.55,74.55,74.55,63.05,100.0,15.73
NVBW,80.75,55.71,46.15,34.15,100.0,72.5,72.5,72.5,72.5,46.75,79.55,40.45
DDX,92.73,50.34,46.12,24.75,91.26,93.36,93.36,93.36,93.36,42.5,82.27,27.3
MUU,68.32,63.91,46.09,188.45,100.0,61.15,53.16,46.77,50.67,98.91,100.0,10.46
BSJW,80.36,54.21,46.09,25.52,100.0,71.94,71.94,71.94,71.94,47.12,75.0,40.45
RSJN,84.54,56.92,46.08,35.44,87.06,83.46,83.46,83.46,83.46,46.29,86.59,37.61
CPSJ,100.0,52.91,46.07,27.21,100.0,100.0,100.0,100.0,100.0,43.14,74.14,40.45
OBOR,71.01,52.29,46.01,28.41,86.99,64.16,64.16,64.16,64.16,51.39,98.46,12.45
OCTW,68.09,57.25,45.99,39.44,100.0,74.87,43.05,43.05,43.05,45.71,81.08,43.62
RWX,75.39,48.06,45.85,28.1,69.98,75.59,78.88,78.88,78.88,57.83,82.98,11.4
XAUG,77.69,56.03,45.76,38.01,88.32,73.14,73.14,73.14,73.14,45.87,81.08,40.45
FIDU,66.42,64.64,45.67,92.84,77.78,60.68,62.28,62.04,61.39,62.01,97.33,37.67
CSMD,72.67,52.35,45.52,32.49,100.0,70.46,55.68,55.68,55.68,64.7,71.32,28.03
HYDR,71.17,54.54,45.45,41.26,100.0,66.4,54.59,54.59,54.59,69.46,100.0,5.45
SOLR,100.0,49.44,45.44,32.83,100.0,100.0,100.0,100.0,100.0,58.37,92.59,6.11
AVSE,75.74,59.53,45.38,71.85,97.01,66.63,66.63,66.63,66.63,65.94,97.81,22.02
EASG,74.64,52.81,45.38,37.15,100.0,63.77,63.77,63.77,63.77,56.48,92.87,15.47
SLX,69.95,52.8,45.33,99.47,66.63,76.74,68.4,68.4,68.4,50.0,100.0,13.25
EMCS,85.67,55.98,45.3,40.1,81.86,87.3,87.3,87.3,87.3,67.25,100.0,10.42
PJUN,65.47,58.32,45.27,42.72,94.95,54.76,51.76,51.76,51.76,44.82,87.43,41.28
SNSR,70.78,48.75,45.21,40.5,82.25,68.87,64.19,64.19,64.19,64.62,83.57,8.36
HDV,80.11,76.73,45.2,134.38,67.57,97.25,81.37,80.81,71.05,57.19,99.36,69.14
RPG,71.98,56.71,45.18,51.97,100.0,75.28,51.13,50.43,53.3,69.15,89.05,20.63
KQQQ,74.29,53.36,45.17,26.43,100.0,70.89,59.03,59.03,59.03,64.89,81.41,21.61
EWN,65.76,51.49,45.17,63.01,89.11,68.48,49.26,51.34,44.57,59.73,95.77,7.6
BUFT,81.01,57.56,45.12,25.35,97.59,75.52,73.0,73.0,73.0,48.48,83.8,40.28
TINT,76.54,51.53,45.12,38.75,76.54,76.54,76.54,76.54,76.54,58.29,99.36,5.45
NTSE,94.62,53.65,45.11,42.66,100.0,92.32,92.32,92.32,92.32,65.89,100.0,5.45
EVLU,75.72,63.6,45.0,35.58,72.41,77.14,77.14,77.14,77.14,63.06,100.0,32.09
FDTS,73.82,55.22,45.0,68.6,74.3,73.62,73.62,73.62,73.62,59.3,100.0,13.49
RSPN,70.24,60.65,44.99,60.62,100.0,64.12,53.92,53.65,53.65,60.95,94.14,31.17
LIMI,88.93,50.04,44.92,53.25,95.26,86.22,86.22,86.22,86.22,51.44,100.0,5.45
PAPR,73.7,57.08,44.87,40.93,100.0,66.8,61.16,59.82,57.23,37.36,87.28,42.99
MMSC,71.59,50.64,44.72,25.72,100.0,62.78,57.55,57.55,57.55,64.25,92.55,5.45
ABXB,100.0,47.49,44.72,19.48,100.0,100.0,100.0,100.0,100.0,48.79,63.9,32.32
MAYT,100.0,56.01,44.63,37.74,100.0,100.0,100.0,100.0,100.0,43.9,85.1,38.13
HAUZ,66.52,53.42,44.61,23.77,59.92,72.76,67.46,67.46,67.46,59.42,89.57,18.03
FINT,87.89,62.27,44.58,34.67,76.91,92.6,92.6,92.6,92.6,54.99,97.27,36.2
JSMD,65.84,49.98,44.56,86.34,61.66,76.65,63.05,62.14,62.08,58.59,78.46,19.68
OPTZ,74.94,57.06,44.54,39.89,72.64,75.92,75.92,75.92,75.92,58.58,95.07,22.86
FXU,67.97,57.62,44.46,50.18,100.0,62.13,48.66,47.53,55.22,43.69,96.69,32.13
WCME,96.97,61.09,44.14,18.12,96.61,97.42,96.96,96.96,96.96,62.8,90.99,33.87
IFGL,69.29,49.16,44.08,23.59,100.0,56.13,56.13,56.13,56.13,57.24,91.29,7.24
USO,66.63,62.06,44.0,128.47,100.0,55.23,50.53,51.09,50.78,63.4,100.0,28.03
ALAI,68.01,51.95,43.94,36.89,93.07,56.18,60.28,57.21,52.51,61.05,82.96,19.13
MLPX,67.29,61.18,43.89,71.92,91.95,67.33,51.85,53.28,45.83,21.62,100.0,51.93
PEVC,99.41,52.66,43.87,27.46,99.41,99.41,99.41,99.41,99.41,62.48,84.81,18.38
MCHS,85.81,58.36,43.8,39.76,100.0,79.73,79.73,79.73,79.73,54.38,100.0,24.41
AOCT,84.53,51.58,43.7,26.83,80.62,86.2,86.2,86.2,86.2,42.94,70.47,40.45
CERY,68.24,63.18,43.66,35.44,94.23,66.13,52.13,52.27,51.83,38.1,100.0,46.63
FTA,71.99,59.31,43.56,93.69,100.0,70.58,54.1,54.1,54.1,39.91,98.27,37.34
MFSM,84.58,51.26,43.45,25.09,95.98,79.99,79.52,79.52,79.52,46.22,67.2,40.45
CHPY,67.23,66.95,43.41,62.14,100.0,60.6,47.12,46.94,56.01,63.28,100.0,40.33
EMM,69.29,62.14,43.3,38.87,78.25,66.78,64.72,64.72,64.72,66.22,100.0,26.47
EWUS,66.43,50.25,43.2,42.32,94.41,54.44,54.44,54.44,54.44,66.83,89.6,5.45
ITA,69.57,79.56,43.19,232.81,100.0,63.73,52.79,51.97,52.4,75.31,98.93,65.28
JXX,78.04,49.82,43.06,27.39,100.0,68.63,68.63,68.63,68.63,59.83,71.7,24.43
QTPI,79.98,53.66,42.85,25.71,93.65,74.12,74.12,74.12,74.12,45.24,74.78,40.45
PSMR,86.5,54.49,42.8,31.14,100.0,80.72,80.72,80.72,80.72,34.73,87.02,38.38
NRES,100.0,54.33,42.62,35.23,100.0,100.0,100.0,100.0,100.0,35.43,100.0,26.19
HAIL,77.17,48.93,42.58,35.47,100.0,67.38,67.38,67.38,67.38,66.57,86.02,5.45
KEMX,73.02,57.55,42.37,44.26,100.0,78.03,52.24,52.24,52.24,64.38,100.0,16.14
BATT,73.7,50.85,42.3,16.33,95.37,64.04,64.62,64.62,64.62,54.6,100.0,5.51
STXE,68.3,63.57,42.25,43.14,74.94,58.0,69.59,69.59,69.59,66.05,100.0,30.15
QMOM,70.3,55.75,42.18,74.52,100.0,54.86,59.08,59.08,59.08,61.16,89.77,22.59
UCON,65.95,55.36,42.17,24.99,100.0,44.33,57.64,51.55,53.0,50.99,50.05,62.73
MAKX,100.0,50.24,42.14,57.74,100.0,100.0,100.0,100.0,100.0,62.77,92.48,5.45
PATN,76.96,64.69,42.1,30.65,89.9,84.23,64.29,64.29,64.29,66.65,100.0,32.56
JUNW,86.88,57.24,42.0,33.96,100.0,81.26,81.26,81.26,81.26,45.55,84.79,40.45
PPEM,89.09,63.35,41.99,20.37,100.0,84.42,84.42,84.42,84.42,64.44,100.0,30.61
PYZ,77.97,52.96,41.97,127.13,100.0,68.53,68.53,68.53,68.53,50.0,100.0,13.65
BEMB,99.88,54.39,41.88,53.49,99.85,99.89,99.89,99.89,99.89,43.64,77.99,40.45
CARZ,73.11,52.16,41.85,90.21,83.81,68.53,68.53,68.53,68.53,59.9,100.0,5.45
LQDH,67.03,51.12,41.82,92.67,88.31,33.18,71.65,71.65,71.65,34.88,71.69,43.27
UTSL,68.06,47.49,41.72,50.25,96.05,56.58,55.06,56.88,56.51,45.38,97.05,5.45
BNDS,70.85,55.78,41.58,50.87,94.88,68.18,56.32,56.32,56.32,38.25,85.83,40.45
MISL,68.37,67.47,41.53,47.6,77.06,67.33,61.02,54.03,77.57,64.6,100.0,40.8
RSHO,68.94,58.94,41.51,55.04,92.14,63.08,56.72,56.72,56.72,61.86,100.0,21.18
PEMX,79.35,64.9,41.33,77.28,100.0,70.5,70.5,70.5,70.5,64.03,100.0,34.72
XJUN,79.09,57.22,41.2,43.7,90.98,73.99,73.99,73.99,73.99,45.51,84.14,40.99
XIDE,90.81,52.63,41.18,30.05,100.0,86.87,86.87,86.87,86.87,42.67,73.66,40.45
FEP,71.24,51.46,41.05,58.3,90.53,76.41,55.5,55.5,55.5,54.74,97.17,9.41
KSTR,71.0,49.87,41.04,20.02,79.87,73.36,63.78,63.78,63.78,58.67,94.36,5.45
KLMT,85.8,62.11,40.95,31.88,96.88,81.05,81.05,81.05,81.05,56.74,89.86,41.18
TTEQ,70.78,54.49,40.91,33.6,86.31,50.68,71.59,71.59,71.59,65.93,84.69,20.92
BOTZ,70.93,59.47,40.65,35.97,87.1,80.44,53.17,54.18,59.79,80.22,83.15,25.77
UAPR,75.05,53.88,40.63,34.12,100.0,66.1,63.38,63.38,63.38,33.51,84.57,39.76
FBOT,67.33,60.04,40.58,35.92,80.45,61.88,61.61,61.61,61.61,68.57,93.91,25.08
AJUL,97.75,53.55,40.55,29.52,100.0,96.79,96.79,96.79,96.79,43.19,75.91,40.45
IBOT,78.13,59.41,40.21,58.95,100.0,67.85,69.26,69.26,69.26,62.88,99.12,22.5
SIL,73.44,70.77,40.0,97.27,94.2,76.53,59.74,57.66,53.45,78.37,100.0,40.45
UPRO,70.3,65.32,40.0,113.23,71.33,81.97,68.1,60.44,53.42,87.79,86.13,33.06
SPYU,77.67,52.77,40.0,25.47,94.9,88.39,62.01,61.43,54.61,88.42,79.49,7.12
NVDX,65.13,51.61,40.0,16.29,79.13,63.35,57.87,57.01,53.81,89.7,74.12,8.11
FNGU,68.12,47.21,40.0,20.31,82.22,75.99,55.26,52.97,53.44,94.37,61.24,5.45
NATO,71.96,63.56,39.99,41.2,99.83,63.07,58.32,58.32,58.32,65.88,96.29,33.48
SIHY,73.17,51.91,39.92,45.27,33.97,90.35,89.75,89.75,89.75,42.91,75.44,36.95
GREK,71.13,54.95,39.88,71.39,100.0,59.7,57.65,59.89,58.06,60.95,93.11,17.82
BSJV,73.27,53.58,39.88,26.38,65.82,77.07,76.12,76.12,76.12,49.3,71.64,40.45
FRDM,74.74,66.02,39.68,60.51,94.0,67.13,66.05,71.12,61.31,67.4,100.0,35.42
LBAY,77.5,53.56,39.52,27.62,77.54,77.49,77.49,77.49,77.49,39.9,86.29,33.47
PMJA,100.0,49.52,39.47,26.91,100.0,100.0,100.0,100.0,100.0,36.09,69.49,40.45
HYGV,71.65,53.24,39.42,40.4,67.77,86.21,66.55,68.35,62.92,44.35,75.43,39.37
NVDW,65.26,48.88,39.42,36.87,79.0,58.67,59.76,59.76,59.76,67.0,83.72,7.08
SJNK,70.0,72.1,39.35,25.11,92.37,78.42,53.57,52.89,40.0,69.34,72.75,73.25
DVY,78.23,70.74,39.32,152.38,94.17,68.97,75.74,75.47,62.57,41.38,96.36,66.66
DHDG,93.16,55.57,39.18,34.29,99.13,90.6,90.6,90.6,90.6,43.08,81.78,40.45
DIVG,100.0,55.9,39.09,35.24,100.0,100.0,100.0,100.0,100.0,35.19,94.92,34.69
TRFK,67.39,52.93,39.06,70.42,100.0,44.03,58.67,58.86,58.24,62.06,83.3,20.66
JDVI,73.08,62.5,39.04,38.49,100.0,61.54,61.54,61.54,61.54,55.7,99.2,34.65
BULZ,67.14,53.0,38.77,24.09,83.97,63.25,59.74,56.87,55.1,89.3,70.0,15.43
SHRY,100.0,51.23,38.65,44.06,100.0,100.0,100.0,100.0,100.0,49.98,83.03,24.19
PRN,70.16,56.03,38.5,219.18,100.0,54.82,58.8,58.8,58.8,62.31,100.0,13.64
GTO,65.65,47.39,38.2,47.19,32.28,88.89,76.93,76.47,68.68,45.38,54.72,42.24
ROBO,67.64,56.94,38.05,75.16,80.95,72.58,56.61,55.65,54.89,68.49,96.28,15.31
MILK,82.03,51.63,37.96,24.57,100.0,74.33,74.33,74.33,74.33,39.26,73.24,40.45
BBBL,86.24,46.96,37.89,48.0,86.24,86.24,86.24,86.24,86.24,47.28,54.18,40.45
KDEF,67.92,60.9,37.81,61.72,84.68,62.48,60.97,60.53,56.03,61.62,100.0,26.23
FTGC,66.36,63.05,37.58,28.52,90.09,57.38,57.57,56.12,49.81,43.36,100.0,43.02
VSDB,70.64,48.44,37.5,76.38,61.73,67.78,78.18,78.18,78.18,40.52,60.29,43.02
NPFI,76.11,52.04,37.33,26.03,100.0,65.87,65.87,65.87,65.87,38.66,74.47,40.78
FLHY,75.45,55.68,37.28,24.32,84.87,66.39,67.42,68.11,97.24,50.24,77.62,39.88
SPUU,66.42,48.74,37.26,183.48,100.0,40.32,58.54,58.54,58.54,63.15,87.2,6.08
WAR,69.75,63.91,37.17,26.85,100.0,58.38,55.9,55.9,55.9,70.18,98.39,29.81
FIXP,93.91,48.42,37.09,19.92,100.0,91.3,91.3,91.3,91.3,40.84,62.93,40.45
BSJU,70.07,54.24,37.08,25.93,100.0,64.99,52.94,52.94,52.94,46.34,74.42,41.51
GDMA,81.03,61.25,37.03,41.03,97.12,73.68,74.39,74.39,74.39,47.54,97.73,37.9
CNAV,65.26,55.37,36.48,35.05,100.0,50.37,50.37,50.37,50.37,60.81,95.29,17.05
PHYL,80.05,53.72,36.44,35.19,100.0,62.22,77.65,77.65,73.19,42.81,75.43,41.53
DIAL,67.54,46.36,36.38,18.27,72.14,66.64,62.94,64.17,70.87,46.2,66.86,28.52
IMF,75.83,50.68,36.36,51.22,25.25,97.51,97.51,97.51,97.51,32.93,80.02,36.11
AIVC,87.99,53.48,36.26,78.48,100.0,82.84,82.84,82.84,82.84,66.18,99.29,5.45
SDOG,65.86,59.27,36.13,65.41,89.51,64.48,50.85,50.85,50.85,40.34,97.34,37.79
MDIV,69.26,54.54,35.8,16.42,100.0,46.7,61.31,61.31,61.31,39.59,82.92,39.04
URTY,70.87,55.91,35.74,62.51,90.31,68.52,60.36,59.59,55.95,73.92,99.22,6.75
ASMG,66.14,54.36,35.71,40.54,89.41,57.92,53.63,56.65,57.62,68.72,100.0,5.45
AADR,65.27,48.7,35.7,87.72,54.34,69.96,69.96,69.96,69.96,58.95,83.88,11.52
PEY,69.03,54.62,35.38,21.6,88.81,70.46,56.16,55.78,51.5,54.23,74.2,37.73
PFRL,73.26,49.79,35.34,49.06,39.53,92.65,84.97,84.97,84.97,35.43,70.65,40.52
SIO,80.21,48.72,35.31,25.85,63.27,87.69,87.34,87.34,87.34,41.88,61.89,41.47
NLR,69.25,69.91,35.06,139.02,82.18,76.42,57.59,59.42,51.51,67.77,95.94,48.48
PQDI,74.66,48.57,35.01,19.45,74.81,74.6,74.6,74.6,74.6,41.46,72.81,31.8
MPG,69.86,45.39,34.99,7.02,85.72,61.73,63.81,63.81,63.81,74.83,50.0,22.95
ARTY,70.24,58.36,34.96,54.06,94.68,61.58,59.42,58.04,57.85,71.31,93.41,19.6
GHYB,76.59,50.34,34.96,44.9,100.0,66.56,66.56,66.56,66.56,43.93,74.13,33.52
LVHD,68.15,52.45,34.78,42.87,93.87,52.59,59.65,59.65,59.65,43.03,77.75,36.21
HYFI,67.94,54.82,34.59,37.38,91.24,57.13,58.41,58.41,58.41,46.21,75.64,41.99
SOXQ,69.48,56.77,34.52,71.14,88.08,80.62,50.8,49.7,52.28,68.86,100.0,11.38
VRP,67.25,58.47,34.5,24.35,100.0,76.05,38.3,42.48,44.19,48.79,72.48,52.26
SOXY,69.83,56.57,34.38,71.66,75.95,70.91,65.14,65.14,65.14,59.32,100.0,16.86
BKHY,72.74,50.73,34.31,47.63,100.0,62.31,60.35,60.35,60.35,44.09,74.66,33.93
MPL,68.6,45.19,34.26,19.55,94.29,58.22,57.23,57.23,57.23,74.05,50.0,22.95
SRLN,68.44,69.82,33.96,40.18,100.0,83.31,38.71,38.27,41.07,75.13,62.05,73.3
MVV,71.57,51.09,33.94,79.47,100.0,65.99,55.72,55.72,55.72,59.93,96.66,5.7
NJNK,84.12,53.9,33.89,20.1,88.27,82.34,82.34,82.34,82.34,47.37,73.94,40.45
VTEB,65.25,65.08,33.85,50.3,100.0,48.58,55.41,45.83,46.73,66.76,55.53,72.38
NBFC,100.0,51.8,33.66,50.81,100.0,100.0,100.0,100.0,100.0,40.47,72.87,40.45
CGMS,67.37,67.51,33.41,27.58,88.13,61.08,57.01,59.41,54.63,52.87,72.94,71.92
UPV,92.82,50.59,33.28,96.8,100.0,89.75,89.75,89.75,89.75,55.71,98.51,5.45
RLY,67.64,57.66,33.17,36.62,100.0,71.96,42.69,43.26,46.54,32.36,100.0,36.43
HYGW,71.03,50.85,32.99,29.18,51.23,89.0,74.25,74.25,74.25,40.85,69.29,40.97
ZHOG,74.32,48.29,32.91,51.6,100.0,63.31,63.31,63.31,63.31,33.79,67.6,40.45
DUKH,79.56,46.27,32.85,24.03,100.0,70.8,70.8,70.8,70.8,50.88,49.62,40.45
CBON,75.24,48.46,32.75,23.66,77.65,74.42,74.09,74.09,74.09,36.31,71.8,35.64
APRW,65.9,53.12,32.7,36.11,77.84,56.37,63.24,63.24,63.24,32.15,82.0,40.96
MQQQ,67.4,48.04,32.55,178.95,82.12,61.09,61.09,61.09,61.09,66.72,83.36,5.47
XHYI,90.99,51.86,32.47,37.65,95.86,88.9,88.9,88.9,88.9,46.77,69.79,39.34
BHYB,100.0,58.21,32.42,54.32,100.0,100.0,100.0,100.0,100.0,43.21,74.62,53.22
SPHD,67.05,57.58,32.17,49.43,94.32,64.51,50.08,48.33,52.7,56.79,64.36,52.14
IPOS,68.86,51.42,32.15,20.71,80.1,64.05,64.05,64.05,64.05,56.96,100.0,5.45
SEPM,72.65,50.95,32.14,32.12,61.12,77.59,77.59,77.59,77.59,40.05,70.73,40.45
QQQP,65.56,48.1,31.83,172.72,89.23,55.41,55.41,55.41,55.41,66.84,83.45,5.45
WBIY,68.12,57.47,31.28,33.57,91.44,58.13,58.13,58.13,58.13,49.51,97.23,27.66
CPRO,96.27,52.61,31.15,27.54,100.0,94.67,94.67,94.67,94.67,36.05,78.35,40.45
SMHX,68.94,48.86,30.99,43.22,80.34,64.55,64.33,63.07,63.07,57.86,89.64,7.54
XB,68.64,53.65,30.96,39.13,100.0,53.75,56.0,56.0,56.0,46.34,73.96,40.45
IGBH,72.57,51.48,30.96,24.36,98.38,61.27,61.65,61.65,61.65,37.06,74.45,40.4
FTXL,66.5,55.57,30.84,177.67,85.44,63.86,53.41,54.26,61.26,57.75,100.0,15.34
FMUN,66.04,45.99,30.54,50.12,72.06,63.42,63.48,63.48,63.48,42.58,54.11,41.01
DLLL,66.35,49.81,30.52,46.4,100.0,55.44,49.97,49.97,49.97,60.88,92.59,5.45
BDRY,70.26,53.01,30.44,11.06,59.14,89.04,67.24,67.24,67.24,63.33,100.0,5.45
XHYT,75.54,50.7,30.34,34.03,91.7,65.4,70.4,70.4,70.4,47.72,69.2,36.38
AJAN,79.39,50.33,30.33,28.0,57.55,88.75,88.75,88.75,88.75,41.91,67.63,40.45
GOEX,66.46,51.48,30.24,91.58,93.62,57.64,53.26,53.26,53.26,56.82,100.0,5.69
FPFD,68.17,46.15,30.22,21.82,87.64,71.22,53.5,53.5,53.5,39.0,72.2,27.82
UMDD,66.34,52.15,30.06,30.52,86.54,57.67,57.7,57.7,57.7,59.87,100.0,5.45
TRPA,72.1,45.33,30.06,38.88,82.84,79.52,60.81,60.81,60.81,41.47,53.66,40.45
EMET,71.91,50.38,30.05,44.52,71.88,71.93,71.93,71.93,71.93,52.81,100.0,5.45
AGMI,71.14,54.09,30.02,72.94,81.78,66.58,66.58,66.58,66.58,55.07,100.0,13.31
LAYS,65.2,45.52,30.02,49.54,69.04,63.55,63.55,63.55,63.55,59.18,81.56,5.45
MAXJ,78.34,54.31,29.96,28.55,93.56,71.82,71.82,71.82,71.82,42.87,77.93,40.79
ZDEK,76.43,51.82,29.81,25.93,100.0,68.14,65.32,65.32,65.32,41.73,71.87,40.58
LMBS,69.3,66.12,29.53,50.07,100.0,66.86,50.61,51.21,48.16,47.53,68.73,75.45
CPSD,69.54,51.32,28.99,26.21,72.88,68.11,68.11,68.11,68.11,40.5,71.48,40.45
MAMB,73.3,46.49,28.91,24.29,100.0,57.14,64.47,64.47,64.47,43.72,67.19,30.11
LOCT,95.34,50.32,28.18,23.85,91.84,96.84,96.84,96.84,96.84,38.46,70.06,40.45
HYDW,65.23,49.89,27.85,46.87,100.0,50.33,50.33,50.33,50.33,42.19,69.74,37.33
EVYM,69.44,49.94,27.84,50.33,82.99,63.63,63.63,63.63,63.63,43.0,65.73,40.45
JULM,77.73,51.56,27.66,33.99,77.73,77.73,77.73,77.73,77.73,40.7,72.02,40.45
AUGM,84.93,51.58,27.3,34.35,86.27,84.36,84.36,84.36,84.36,41.96,71.16,40.45
PCHI,69.75,46.57,27.22,24.68,75.31,67.37,67.37,67.37,67.37,45.96,54.01,40.45
DFCF,73.5,59.23,26.85,42.54,81.22,78.81,68.42,68.07,55.17,60.56,52.49,64.3
BSCY,71.09,50.42,26.53,20.89,86.97,66.98,63.49,61.79,62.02,46.8,61.02,43.42
IBMT,67.35,46.43,26.12,25.76,92.62,75.99,45.7,45.7,45.7,48.42,51.83,40.45
HYBL,67.41,52.42,26.03,27.94,83.66,71.39,54.22,54.12,54.98,40.29,71.13,43.62
DGCB,68.69,47.78,25.76,54.58,100.0,53.77,53.33,58.7,60.44,45.07,51.47,46.25
DECM,99.38,50.67,25.54,33.08,100.0,99.11,99.11,99.11,99.11,39.72,70.16,40.45
CPNS,100.0,51.99,25.5,27.53,100.0,100.0,100.0,100.0,100.0,43.12,71.52,40.45
CPSA,100.0,51.34,25.49,27.22,100.0,100.0,100.0,100.0,100.0,40.5,71.53,40.45
BSCW,66.34,53.75,25.01,20.76,100.0,57.18,50.85,50.41,42.95,47.17,63.12,49.66
CPRJ,68.36,50.78,24.99,27.28,100.0,54.8,54.8,54.8,54.8,33.07,75.23,40.45
FTCB,74.38,53.45,24.75,21.07,84.27,69.4,74.44,73.89,57.51,56.51,48.47,55.89
IBDY,70.06,52.09,24.65,25.96,100.0,66.68,50.49,51.88,55.84,46.79,61.43,47.22
MMCA,72.86,46.23,24.4,21.79,97.21,69.43,58.53,58.53,58.53,45.4,61.37,33.49
MMIT,76.36,49.83,24.34,24.34,97.91,66.65,69.04,66.81,63.82,45.32,55.68,47.53
NUMI,72.66,45.75,24.27,25.11,82.31,68.52,68.52,68.52,68.52,43.56,53.36,40.45
CPSO,100.0,50.66,23.98,27.31,100.0,100.0,100.0,100.0,100.0,41.06,69.19,40.45
BSJS,65.13,50.8,23.84,21.88,68.3,66.6,61.79,63.43,61.99,45.58,72.17,35.36
CPSL,81.15,51.44,23.69,27.55,93.15,76.83,75.54,75.54,75.54,41.35,71.13,40.51
CPRY,76.49,52.91,23.57,27.45,76.64,76.42,76.42,76.42,76.42,36.74,78.7,40.45
EMLP,69.58,72.07,23.5,43.57,91.39,72.56,54.26,53.6,50.93,47.6,100.0,62.93
MINO,75.67,45.08,23.42,45.49,98.21,78.11,59.27,59.53,59.1,39.47,57.64,37.59
OCTM,100.0,50.61,23.38,32.85,100.0,100.0,100.0,100.0,100.0,40.27,69.6,40.45
OVB,65.09,45.07,23.04,20.68,73.97,61.29,61.29,61.29,61.29,46.47,64.93,26.82
VSHY,100.0,50.51,22.86,21.77,100.0,100.0,100.0,100.0,100.0,43.45,72.57,35.62
GMUN,91.17,50.11,22.86,50.5,86.17,93.32,93.32,93.32,93.32,46.76,63.55,40.45
XHYE,68.5,52.12,22.5,39.27,68.5,68.5,68.5,68.5,68.5,29.29,81.76,40.45
LDRH,71.67,51.1,22.5,24.72,60.4,76.5,76.5,76.5,76.5,41.81,69.92,40.45
JAJL,76.86,50.09,22.5,29.32,96.8,82.18,60.6,60.6,60.6,37.2,69.15,41.47
JHMU,72.2,47.8,22.08,26.21,100.0,60.29,60.29,60.29,60.29,47.23,56.62,40.45
JMTG,66.42,53.81,22.0,51.08,100.0,52.94,49.47,50.92,57.22,52.52,50.0,57.95
CPSY,100.0,50.88,21.96,25.27,100.0,100.0,100.0,100.0,100.0,40.4,70.28,40.45
CGCB,74.11,58.2,21.83,26.41,95.91,66.62,67.72,68.08,49.49,57.85,42.14,72.46
IBDV,74.55,51.81,21.14,21.93,99.09,71.1,62.75,59.48,54.13,53.27,55.43,47.72
UBND,71.7,46.01,20.72,21.81,100.0,66.66,53.77,54.98,60.94,43.92,48.57,45.07
HYTR,73.79,46.19,20.55,21.5,66.61,76.22,77.22,77.22,77.22,47.33,55.04,37.74
BSCU,67.4,50.06,20.16,16.82,100.0,53.48,55.21,52.95,49.37,52.56,55.57,43.68
DMBS,66.13,48.6,19.45,49.5,97.83,58.8,49.08,49.08,49.08,46.72,54.39,44.7
PMMR,100.0,50.32,19.37,26.69,100.0,100.0,100.0,100.0,100.0,38.42,70.11,40.45
FSIG,69.13,48.61,19.33,19.03,85.29,64.03,62.36,62.09,57.4,49.32,46.06,50.4
SCHJ,79.17,46.72,18.26,24.75,97.33,83.57,65.26,64.24,63.35,39.68,53.72,44.99
PMAP,81.34,47.58,18.02,26.92,50.79,94.43,94.43,94.43,94.43,27.89,69.8,40.45
UNIY,100.0,48.01,17.83,48.76,100.0,100.0,100.0,100.0,100.0,44.52,49.25,49.11
CPRA,70.38,49.27,17.64,27.2,100.0,57.69,57.69,57.69,57.69,28.55,74.14,40.45
LJUL,70.95,49.62,17.58,23.94,7.87,97.99,97.99,97.99,97.99,37.5,68.76,40.45
JAAA,79.34,67.77,17.36,50.55,96.33,80.37,70.19,68.96,59.0,56.04,67.37,75.45
SCIO,77.84,47.69,16.83,20.73,100.0,57.6,73.92,74.73,74.91,37.6,61.58,41.85
FLXR,70.47,58.38,16.59,39.3,100.0,68.2,51.79,49.9,54.87,42.82,67.44,60.18
ZAPR,73.91,47.68,15.99,26.32,94.58,62.35,66.55,66.55,66.55,28.05,69.96,40.45
FOPC,80.36,45.16,15.41,25.56,54.49,91.44,91.44,91.44,91.44,42.98,52.09,40.45
SCHO,68.21,55.24,15.23,24.24,100.0,62.99,49.44,53.61,47.37,69.14,22.2,75.45
VETZ,85.06,45.88,14.81,19.98,94.17,81.16,81.16,81.16,81.16,44.68,52.94,40.45
JULJ,68.87,49.84,13.07,24.89,32.27,84.56,84.56,84.56,84.56,37.81,69.15,40.45
MMAX,72.79,47.99,13.07,26.73,100.0,57.21,63.31,63.31,63.31,27.39,71.31,40.45
VUSB,69.97,65.94,12.52,49.71,100.0,65.29,52.6,52.66,52.34,57.39,61.19,75.45
CLOA,67.77,54.81,12.06,51.75,100.0,80.98,39.58,39.55,36.75,40.02,66.71,53.63
QCAP,68.19,52.07,11.59,24.07,83.11,61.79,61.79,61.79,61.79,36.06,76.79,40.45
PSQA,69.71,47.61,10.82,20.47,85.82,65.3,61.42,61.42,61.42,44.97,57.62,40.49
CLOB,65.38,46.67,10.74,49.89,85.57,61.45,54.11,54.11,54.11,38.77,58.92,40.88
FUSI,69.86,48.81,10.51,50.26,56.65,75.52,75.52,75.52,75.52,40.51,64.29,40.45
AGRH,100.0,46.87,10.47,26.15,100.0,100.0,100.0,100.0,100.0,27.03,68.38,40.45
MYCH,99.61,46.1,10.29,24.94,100.0,99.44,99.44,99.44,99.44,45.59,51.03,42.1
SEIX,76.24,49.49,9.56,23.14,95.48,83.92,59.14,59.14,59.14,36.44,67.98,41.46
LDUR,78.8,46.12,9.53,95.64,100.0,49.02,81.47,80.87,80.87,48.67,40.14,49.76
USTB,67.26,49.14,8.12,50.54,86.87,67.23,60.04,51.82,41.96,42.7,47.98,54.18
IBDR,72.61,51.3,6.95,24.21,96.1,68.73,61.5,60.41,51.77,31.93,52.51,62.35
PCLO,100.0,50.25,4.87,24.94,100.0,100.0,100.0,100.0,100.0,43.7,66.12,40.45
